PLAYER_ID,PLAYER_NAME,TEAM_ID,TEAM_ABBREVIATION,AGE,G,MIN,CONTESTED_SHOTS,CONTESTED_SHOTS_2PT,CONTESTED_SHOTS_3PT,DEFLECTIONS,CHARGES_DRAWN,SCREEN_ASSISTS,SCREEN_AST_PTS,OFF_LOOSE_BALLS_RECOVERED,DEF_LOOSE_BALLS_RECOVERED,LOOSE_BALLS_RECOVERED,PCT_LOOSE_BALLS_RECOVERED_OFF,PCT_LOOSE_BALLS_RECOVERED_DEF,OFF_BOXOUTS,DEF_BOXOUTS,BOX_OUTS,BOX_OUT_PLAYER_TEAM_REBS,BOX_OUT_PLAYER_REBS,PCT_BOX_OUTS_OFF,PCT_BOX_OUTS_DEF,PCT_BOX_OUTS_TEAM_REB,PCT_BOX_OUTS_REB,season_id,season_type
1630639,A.J. Lawson,1610612742,DAL,22.0,15,7.2,0.93,0.47,0.47,0.33,0.0,0.07,0.13,0.0,0.07,0.07,0.0,1.0,0.0,0.0,0.0,0.0,0.0,0.0,0.0,0.0,0.0,2022-23,Regular%20Season
1631260,AJ Green,1610612749,MIL,23.0,35,9.9,1.29,0.57,0.71,0.23,0.03,0.14,0.37,0.03,0.11,0.14,0.2,0.8,0.0,0.11,0.11,0.11,0.06,0.0,1.0,1.0,0.5,2022-23,Regular%20Season
1631100,AJ Griffin,1610612737,ATL,19.0,72,19.5,2.88,1.42,1.46,0.88,0.0,0.17,0.39,0.19,0.22,0.42,0.467,0.533,0.0,0.08,0.08,0.08,0.03,0.0,1.0,1.0,0.333,2022-23,Regular%20Season
203932,Aaron Gordon,1610612743,DEN,27.0,68,30.2,5.5,3.93,1.57,1.16,0.01,0.87,2.12,0.41,0.34,0.75,0.549,0.451,0.18,0.29,0.47,0.46,0.32,0.375,0.625,0.969,0.688,2022-23,Regular%20Season
1628988,Aaron Holiday,1610612737,ATL,26.0,63,13.4,1.84,0.94,0.9,1.11,0.0,0.03,0.06,0.13,0.16,0.29,0.444,0.556,0.0,0.14,0.14,0.14,0.03,0.0,1.0,1.0,0.222,2022-23,Regular%20Season
1630174,Aaron Nesmith,1610612754,IND,23.0,73,24.9,5.42,3.37,2.05,1.48,0.16,0.4,0.97,0.15,0.32,0.47,0.324,0.676,0.07,0.51,0.58,0.4,0.18,0.119,0.881,0.906,0.406,2022-23,Regular%20Season
1630598,Aaron Wiggins,1610612760,OKC,24.0,70,18.5,4.73,2.87,1.86,1.21,0.01,0.57,1.31,0.29,0.19,0.47,0.606,0.394,0.04,0.36,0.4,0.37,0.16,0.107,0.893,0.929,0.393,2022-23,Regular%20Season
1629678,Admiral Schofield,1610612753,ORL,26.0,37,12.2,2.46,1.03,1.43,0.51,0.16,1.0,2.14,0.08,0.08,0.16,0.5,0.5,0.11,0.3,0.41,0.38,0.22,0.267,0.733,1.0,0.571,2022-23,Regular%20Season
201143,Al Horford,1610612738,BOS,37.0,63,30.5,10.1,6.46,3.63,1.19,0.0,1.86,4.44,0.3,0.16,0.46,0.655,0.345,0.24,1.16,1.4,1.29,0.6,0.17,0.83,0.953,0.447,2022-23,Regular%20Season
202692,Alec Burks,1610612765,DET,31.0,51,22.0,3.0,1.37,1.63,1.2,0.06,0.18,0.39,0.25,0.29,0.55,0.464,0.536,0.0,0.16,0.16,0.16,0.1,0.0,1.0,1.0,0.625,2022-23,Regular%20Season
1630197,Aleksej Pokusevski,1610612760,OKC,21.0,34,20.6,7.0,5.56,1.44,1.18,0.0,1.32,2.88,0.26,0.15,0.41,0.643,0.357,0.0,0.65,0.65,0.53,0.12,0.0,1.0,0.9,0.2,2022-23,Regular%20Season
1627936,Alex Caruso,1610612741,CHI,29.0,67,23.5,5.28,2.43,2.85,3.37,0.21,0.84,1.9,0.21,0.37,0.58,0.359,0.641,0.0,0.31,0.31,0.25,0.06,0.0,1.0,1.0,0.235,2022-23,Regular%20Season
203458,Alex Len,1610612758,SAC,30.0,26,6.2,2.77,2.31,0.46,0.54,0.0,1.42,3.27,0.08,0.08,0.15,0.5,0.5,0.08,0.23,0.31,0.31,0.15,0.25,0.75,1.0,0.5,2022-23,Regular%20Season
1628993,Alize Johnson,1610612759,SAS,27.0,4,7.4,1.0,0.75,0.25,0.5,0.0,0.5,1.25,0.0,0.25,0.25,0.0,1.0,0.0,0.25,0.25,0.25,0.25,0.0,1.0,1.0,1.0,2022-23,Regular%20Season
1631214,Alondes Williams,1610612751,BKN,24.0,1,5.3,0.0,0.0,0.0,1.0,0.0,0.0,0.0,0.0,0.0,0.0,0.0,0.0,0.0,0.0,0.0,0.0,0.0,0.0,0.0,0.0,0.0,2022-23,Regular%20Season
1630578,Alperen Sengun,1610612745,HOU,20.0,75,28.9,8.37,6.65,1.72,1.76,0.12,3.37,7.73,0.33,0.23,0.56,0.595,0.405,0.48,1.36,1.84,1.75,1.07,0.261,0.739,0.992,0.606,2022-23,Regular%20Season
1629599,Amir Coffey,1610612746,LAC,26.0,50,12.5,1.52,0.86,0.66,0.48,0.06,0.04,0.08,0.08,0.04,0.12,0.667,0.333,0.02,0.16,0.18,0.14,0.02,0.111,0.889,1.0,0.143,2022-23,Regular%20Season
203083,Andre Drummond,1610612741,CHI,29.0,67,12.7,3.76,2.75,1.01,1.21,0.03,1.6,3.37,0.16,0.16,0.33,0.5,0.5,0.61,0.54,1.16,1.09,0.85,0.526,0.462,0.948,0.74,2022-23,Regular%20Season
2738,Andre Iguodala,1610612744,GSW,39.0,8,14.1,2.75,1.38,1.38,1.25,0.0,1.0,2.63,0.13,0.0,0.13,1.0,0.0,0.0,0.25,0.25,0.25,0.0,0.0,1.0,1.0,0.0,2022-23,Regular%20Season
1629614,Andrew Nembhard,1610612754,IND,23.0,75,27.6,3.59,2.08,1.51,1.83,0.2,0.21,0.53,0.23,0.32,0.55,0.415,0.585,0.0,0.25,0.25,0.21,0.05,0.0,1.0,0.941,0.235,2022-23,Regular%20Season
203952,Andrew Wiggins,1610612744,GSW,28.0,37,32.2,7.97,4.51,3.46,2.19,0.03,0.81,2.16,0.32,0.35,0.68,0.48,0.52,0.14,0.57,0.7,0.68,0.19,0.192,0.808,1.0,0.28,2022-23,Regular%20Season
1629014,Anfernee Simons,1610612757,POR,24.0,62,35.0,4.56,2.35,2.21,1.63,0.03,0.24,0.55,0.18,0.26,0.44,0.407,0.593,0.0,0.08,0.08,0.08,0.05,0.0,1.0,1.0,0.6,2022-23,Regular%20Season
203076,Anthony Davis,1610612747,LAL,30.0,56,34.0,10.57,8.09,2.48,2.07,0.04,3.18,7.09,0.46,0.55,1.02,0.456,0.544,0.7,1.29,1.98,1.93,1.48,0.351,0.649,1.0,0.769,2022-23,Regular%20Season
1630162,Anthony Edwards,1610612750,MIN,21.0,79,36.0,4.53,2.23,2.3,2.57,0.0,0.03,0.06,0.32,0.3,0.62,0.51,0.49,0.03,0.18,0.2,0.19,0.11,0.125,0.875,0.938,0.563,2022-23,Regular%20Season
1630264,Anthony Gill,1610612764,WAS,30.0,59,10.6,2.25,1.22,1.03,0.36,0.07,0.53,1.29,0.12,0.07,0.19,0.636,0.364,0.05,0.49,0.54,0.41,0.12,0.094,0.906,0.923,0.269,2022-23,Regular%20Season
1630237,Anthony Lamb,1610612744,GSW,25.0,62,19.3,5.4,3.6,1.81,0.92,0.1,0.68,1.82,0.26,0.18,0.44,0.593,0.407,0.1,0.61,0.71,0.63,0.27,0.136,0.864,0.929,0.405,2022-23,Regular%20Season
1630559,Austin Reaves,1610612747,LAL,25.0,64,28.8,5.27,2.83,2.44,1.05,0.3,0.28,0.64,0.2,0.22,0.42,0.481,0.519,0.0,0.27,0.27,0.27,0.03,0.0,1.0,1.0,0.118,2022-23,Regular%20Season
203085,Austin Rivers,1610612750,MIN,30.0,52,19.5,2.06,1.27,0.79,0.92,0.02,0.19,0.44,0.06,0.13,0.19,0.3,0.7,0.0,0.13,0.13,0.13,0.0,0.0,1.0,1.0,0.0,2022-23,Regular%20Season
1630245,Ayo Dosunmu,1610612741,CHI,23.0,80,26.2,5.21,2.73,2.49,1.38,0.01,0.23,0.48,0.23,0.34,0.56,0.4,0.6,0.0,0.1,0.1,0.09,0.03,0.0,1.0,0.875,0.25,2022-23,Regular%20Season
1628389,Bam Adebayo,1610612748,MIA,25.0,75,34.6,7.41,5.15,2.27,1.79,0.03,4.41,10.37,0.44,0.24,0.68,0.647,0.353,0.32,1.91,2.23,1.85,0.76,0.144,0.856,0.946,0.388,2022-23,Regular%20Season
1627732,Ben Simmons,1610612751,BKN,26.0,42,26.3,3.88,2.6,1.29,2.6,0.07,2.79,6.88,0.24,0.33,0.57,0.417,0.583,0.1,0.69,0.79,0.67,0.43,0.121,0.879,0.933,0.6,2022-23,Regular%20Season
1631097,Bennedict Mathurin,1610612754,IND,21.0,78,28.5,2.99,1.42,1.56,1.19,0.03,0.27,0.63,0.29,0.28,0.58,0.511,0.489,0.08,0.47,0.55,0.46,0.13,0.14,0.86,0.947,0.263,2022-23,Regular%20Season
202687,Bismack Biyombo,1610612756,PHX,30.0,61,14.3,5.7,4.89,0.82,0.72,0.0,2.33,5.1,0.18,0.11,0.3,0.611,0.389,0.18,1.05,1.23,1.13,0.64,0.147,0.853,0.986,0.557,2022-23,Regular%20Season
201933,Blake Griffin,1610612738,BOS,34.0,41,13.9,3.76,2.24,1.51,0.83,0.37,1.46,3.54,0.27,0.1,0.37,0.733,0.267,0.17,0.85,1.02,0.9,0.41,0.167,0.833,0.902,0.415,2022-23,Regular%20Season
1631104,Blake Wesley,1610612759,SAS,20.0,37,18.1,1.78,0.7,1.08,1.38,0.03,0.03,0.08,0.08,0.08,0.16,0.5,0.5,0.0,0.08,0.08,0.08,0.0,0.0,1.0,1.0,0.0,2022-23,Regular%20Season
1626246,Boban Marjanovic,1610612745,HOU,34.0,31,5.5,1.32,1.06,0.26,0.23,0.0,0.55,1.16,0.03,0.0,0.03,1.0,0.0,0.1,0.13,0.23,0.23,0.13,0.429,0.571,1.0,0.571,2022-23,Regular%20Season
1626171,Bobby Portis,1610612749,MIL,28.0,70,26.0,5.54,3.23,2.31,0.83,0.0,1.27,3.03,0.31,0.2,0.51,0.611,0.389,0.34,0.81,1.16,1.01,0.81,0.296,0.704,0.922,0.74,2022-23,Regular%20Season
203992,Bogdan Bogdanovic,1610612737,ATL,30.0,54,27.9,6.09,2.8,3.3,1.91,0.02,0.57,1.3,0.11,0.15,0.26,0.429,0.571,0.02,0.15,0.17,0.13,0.11,0.111,0.889,1.0,0.857,2022-23,Regular%20Season
202711,Bojan Bogdanovic,1610612765,DET,34.0,59,32.1,4.69,2.56,2.14,0.95,0.0,0.39,0.88,0.29,0.19,0.47,0.607,0.393,0.03,0.58,0.61,0.53,0.08,0.056,0.944,1.0,0.161,2022-23,Regular%20Season
1629626,Bol Bol,1610612753,ORL,23.0,70,21.5,5.99,3.13,2.86,0.73,0.0,0.53,1.14,0.19,0.13,0.31,0.591,0.409,0.07,0.46,0.53,0.49,0.36,0.135,0.865,0.971,0.714,2022-23,Regular%20Season
1630538,Bones Hyland,1610612746,LAC,22.0,56,19.4,2.43,0.98,1.45,1.11,0.0,0.14,0.3,0.21,0.23,0.45,0.48,0.52,0.0,0.04,0.04,0.04,0.02,0.0,1.0,1.0,0.5,2022-23,Regular%20Season
203078,Bradley Beal,1610612764,WAS,29.0,50,33.5,4.42,2.06,2.36,1.92,0.08,0.36,0.84,0.26,0.18,0.44,0.591,0.409,0.0,0.1,0.1,0.1,0.06,0.0,1.0,1.0,0.6,2022-23,Regular%20Season
1630527,Brandon Boston Jr.,1610612746,LAC,21.0,22,11.3,1.59,0.68,0.91,1.0,0.0,0.05,0.09,0.05,0.09,0.14,0.333,0.667,0.0,0.14,0.14,0.09,0.0,0.0,1.0,1.0,0.0,2022-23,Regular%20Season
1629634,Brandon Clarke,1610612763,MEM,26.0,56,19.5,4.8,3.66,1.14,1.32,0.02,2.39,5.5,0.16,0.13,0.29,0.563,0.438,0.27,0.98,1.25,1.07,0.59,0.214,0.786,0.923,0.508,2022-23,Regular%20Season
1627742,Brandon Ingram,1610612740,NOP,25.0,45,34.2,5.87,2.87,3.0,1.69,0.04,0.69,1.51,0.27,0.2,0.47,0.571,0.429,0.0,0.22,0.22,0.2,0.02,0.0,1.0,0.9,0.1,2022-23,Regular%20Season
1630296,Braxton Key,1610612765,DET,26.0,3,3.0,1.0,1.0,0.0,0.0,0.0,0.67,1.33,0.0,0.0,0.0,0.0,0.0,0.0,0.0,0.0,0.0,0.0,0.0,0.0,0.0,0.0,2022-23,Regular%20Season
201572,Brook Lopez,1610612749,MIL,35.0,78,30.4,17.44,15.71,1.73,0.99,0.0,2.85,6.63,0.21,0.17,0.37,0.552,0.448,0.4,1.42,1.82,1.72,0.88,0.218,0.782,0.957,0.493,2022-23,Regular%20Season
1628971,Bruce Brown,1610612743,DEN,26.0,80,28.5,5.03,2.64,2.39,2.06,0.0,0.24,0.53,0.23,0.26,0.49,0.462,0.538,0.01,0.18,0.19,0.19,0.06,0.067,0.933,1.0,0.333,2022-23,Regular%20Season
1628981,Bruno Fernando,1610612737,ATL,24.0,39,10.4,3.33,2.9,0.44,0.28,0.0,1.64,3.85,0.18,0.21,0.38,0.467,0.533,0.18,0.69,0.87,0.72,0.33,0.206,0.794,1.0,0.464,2022-23,Regular%20Season
1631121,Bryce McGowens,1610612766,CHA,20.0,46,17.1,1.85,0.76,1.09,0.61,0.04,0.0,0.0,0.11,0.22,0.33,0.333,0.667,0.0,0.2,0.2,0.17,0.07,0.0,1.0,0.889,0.333,2022-23,Regular%20Season
1627854,Bryn Forbes,1610612750,MIN,29.0,25,10.7,0.8,0.32,0.48,0.44,0.0,0.16,0.36,0.04,0.12,0.16,0.25,0.75,0.0,0.04,0.04,0.0,0.0,0.0,1.0,0.0,0.0,2022-23,Regular%20Season
1631205,Buddy Boeheim,1610612765,DET,23.0,10,9.0,1.1,0.2,0.9,0.6,0.0,0.2,0.4,0.1,0.1,0.2,0.5,0.5,0.0,0.2,0.2,0.2,0.0,0.0,1.0,1.0,0.0,2022-23,Regular%20Season
1627741,Buddy Hield,1610612754,IND,30.0,80,31.0,5.54,2.78,2.76,2.09,0.0,0.49,1.01,0.43,0.41,0.84,0.507,0.493,0.05,0.16,0.21,0.21,0.13,0.235,0.765,1.0,0.588,2022-23,Regular%20Season
203468,CJ McCollum,1610612740,NOP,31.0,75,35.3,5.25,2.37,2.88,1.49,0.03,0.39,0.83,0.35,0.32,0.67,0.52,0.48,0.0,0.23,0.23,0.21,0.08,0.0,1.0,0.941,0.353,2022-23,Regular%20Season
1630595,Cade Cunningham,1610612765,DET,21.0,12,33.3,6.83,3.5,3.33,2.0,0.0,0.42,0.83,0.33,0.5,0.83,0.4,0.6,0.08,0.83,0.92,0.75,0.42,0.091,0.909,0.9,0.5,2022-23,Regular%20Season
1631216,Caleb Houstan,1610612753,ORL,20.0,51,15.9,2.65,1.55,1.1,0.63,0.0,0.31,0.76,0.1,0.12,0.22,0.455,0.545,0.14,0.41,0.55,0.47,0.18,0.25,0.75,0.96,0.36,2022-23,Regular%20Season
1628997,Caleb Martin,1610612748,MIA,27.0,71,29.3,4.44,1.92,2.52,1.96,0.23,0.34,0.83,0.32,0.28,0.61,0.535,0.465,0.01,0.56,0.58,0.49,0.17,0.024,0.976,0.972,0.333,2022-23,Regular%20Season
1629629,Cam Reddish,1610612757,POR,23.0,40,24.7,4.95,2.25,2.7,2.03,0.0,0.05,0.1,0.18,0.35,0.53,0.333,0.667,0.0,0.33,0.33,0.3,0.05,0.0,1.0,1.0,0.167,2022-23,Regular%20Season
1630560,Cam Thomas,1610612751,BKN,21.0,57,16.6,2.42,1.26,1.16,0.47,0.0,0.19,0.44,0.18,0.12,0.3,0.588,0.412,0.0,0.16,0.16,0.16,0.07,0.0,1.0,1.0,0.444,2022-23,Regular%20Season
1629661,Cameron Johnson,1610612751,BKN,27.0,42,28.6,5.17,2.93,2.24,2.52,0.12,0.57,1.36,0.26,0.21,0.48,0.55,0.45,0.05,0.33,0.38,0.33,0.1,0.125,0.875,0.933,0.267,2022-23,Regular%20Season
1626166,Cameron Payne,1610612756,PHX,28.0,48,20.2,2.04,0.81,1.23,1.6,0.08,0.04,0.08,0.21,0.13,0.33,0.625,0.375,0.02,0.17,0.19,0.15,0.04,0.111,0.889,0.778,0.222,2022-23,Regular%20Season
1627747,Caris LeVert,1610612739,CLE,28.0,74,30.2,3.97,2.24,1.73,1.96,0.08,0.24,0.59,0.38,0.45,0.82,0.459,0.541,0.0,0.3,0.3,0.28,0.09,0.0,1.0,0.955,0.318,2022-23,Regular%20Season
1630637,Carlik Jones,1610612741,CHI,25.0,7,8.0,1.29,0.71,0.57,0.29,0.0,0.0,0.0,0.29,0.29,0.57,0.5,0.5,0.0,0.14,0.14,0.14,0.0,0.0,1.0,1.0,0.0,2022-23,Regular%20Season
1626224,Cedi Osman,1610612739,CLE,28.0,77,20.1,2.47,1.4,1.06,0.79,0.06,0.26,0.6,0.1,0.1,0.21,0.5,0.5,0.0,0.12,0.12,0.1,0.08,0.0,1.0,1.0,0.75,2022-23,Regular%20Season
1628435,Chance Comanche,1610612757,POR,27.0,1,20.8,3.0,1.0,2.0,0.0,0.0,2.0,4.0,0.0,0.0,0.0,0.0,0.0,1.0,0.0,1.0,1.0,1.0,1.0,0.0,1.0,1.0,2022-23,Regular%20Season
1629646,Charles Bassey,1610612759,SAS,22.0,35,14.5,3.66,2.97,0.69,1.0,0.0,2.14,4.86,0.17,0.14,0.31,0.545,0.455,0.37,0.43,0.8,0.8,0.6,0.464,0.536,1.0,0.75,2022-23,Regular%20Season
1631320,Chima Moneke,1610612758,SAC,27.0,2,4.0,1.5,0.5,1.0,0.0,0.0,0.5,1.5,0.0,0.0,0.0,0.0,0.0,0.0,0.0,0.0,0.0,0.0,0.0,0.0,0.0,0.0,2022-23,Regular%20Season
1629002,Chimezie Metu,1610612758,SAC,26.0,66,10.4,3.35,2.33,1.02,0.71,0.0,0.92,2.14,0.12,0.08,0.2,0.615,0.385,0.08,0.27,0.35,0.33,0.18,0.217,0.783,1.0,0.545,2022-23,Regular%20Season
1628449,Chris Boucher,1610612761,TOR,30.0,76,20.0,4.64,2.95,1.7,0.97,0.13,0.49,1.17,0.17,0.18,0.36,0.481,0.519,0.28,0.25,0.53,0.5,0.34,0.525,0.475,0.974,0.667,2022-23,Regular%20Season
1630537,Chris Duarte,1610612754,IND,26.0,46,19.5,3.74,1.78,1.96,0.93,0.04,0.2,0.41,0.15,0.26,0.41,0.368,0.632,0.02,0.37,0.39,0.35,0.11,0.056,0.944,0.889,0.278,2022-23,Regular%20Season
101108,Chris Paul,1610612756,PHX,38.0,59,32.0,2.76,1.12,1.64,2.41,0.05,0.34,0.75,0.29,0.49,0.78,0.37,0.63,0.02,0.19,0.2,0.2,0.07,0.083,0.917,1.0,0.333,2022-23,Regular%20Season
1629735,Chris Silva,1610612742,DAL,26.0,1,3.0,2.0,1.0,1.0,0.0,0.0,0.0,0.0,0.0,0.0,0.0,0.0,0.0,0.0,1.0,1.0,1.0,0.0,0.0,1.0,1.0,0.0,2022-23,Regular%20Season
1631128,Christian Braun,1610612743,DEN,22.0,76,15.5,3.14,1.87,1.28,0.74,0.03,0.07,0.18,0.08,0.04,0.12,0.667,0.333,0.0,0.07,0.07,0.05,0.01,0.0,1.0,1.0,0.25,2022-23,Regular%20Season
1631132,Christian Koloko,1610612761,TOR,22.0,58,13.8,5.34,4.28,1.07,0.71,0.0,1.71,3.88,0.09,0.16,0.24,0.357,0.643,0.19,0.55,0.74,0.71,0.36,0.256,0.744,1.0,0.512,2022-23,Regular%20Season
1626174,Christian Wood,1610612742,DAL,27.0,67,25.9,7.67,5.78,1.9,0.61,0.0,1.7,3.9,0.21,0.28,0.49,0.424,0.576,0.19,1.0,1.19,1.13,0.6,0.163,0.838,0.962,0.506,2022-23,Regular%20Season
1629643,Chuma Okeke,1610612753,ORL,24.0,27,19.2,3.63,1.78,1.85,1.37,0.0,0.07,0.15,0.22,0.07,0.3,0.75,0.25,0.0,0.63,0.63,0.52,0.22,0.0,1.0,1.0,0.429,2022-23,Regular%20Season
203991,Clint Capela,1610612737,ATL,29.0,65,26.6,9.18,7.57,1.62,1.06,0.25,4.52,9.66,0.32,0.2,0.52,0.618,0.382,0.42,1.12,1.54,1.4,1.02,0.27,0.73,0.978,0.71,2022-23,Regular%20Season
1629632,Coby White,1610612741,CHI,23.0,74,23.4,4.49,2.15,2.34,0.93,0.11,0.16,0.34,0.15,0.39,0.54,0.275,0.725,0.0,0.18,0.18,0.18,0.11,0.0,1.0,1.0,0.615,2022-23,Regular%20Season
1628998,Cody Martin,1610612766,CHA,27.0,7,19.1,2.86,1.0,1.86,1.57,0.0,0.29,0.71,0.43,0.14,0.57,0.75,0.25,0.14,0.43,0.57,0.57,0.0,0.25,0.75,1.0,0.0,2022-23,Regular%20Season
203469,Cody Zeller,1610612748,MIA,30.0,15,14.4,3.87,3.2,0.67,0.47,0.0,2.0,4.8,0.07,0.07,0.13,0.5,0.5,0.27,0.8,1.07,0.87,0.53,0.25,0.75,0.929,0.571,2022-23,Regular%20Season
1630175,Cole Anthony,1610612753,ORL,23.0,60,25.9,3.55,1.77,1.78,1.13,0.03,0.18,0.43,0.3,0.33,0.63,0.474,0.526,0.02,0.05,0.07,0.07,0.03,0.25,0.75,1.0,0.5,2022-23,Regular%20Season
1631306,Cole Swider,1610612747,LAL,24.0,7,5.9,1.14,0.14,1.0,0.0,0.0,0.0,0.0,0.0,0.14,0.14,0.0,1.0,0.0,0.14,0.14,0.14,0.14,0.0,1.0,1.0,1.0,2022-23,Regular%20Season
1629012,Collin Sexton,1610612762,UTA,24.0,48,23.9,2.65,1.48,1.17,0.92,0.02,0.31,0.83,0.29,0.1,0.4,0.737,0.263,0.02,0.04,0.06,0.06,0.02,0.333,0.667,1.0,0.333,2022-23,Regular%20Season
1630557,Corey Kispert,1610612764,WAS,24.0,74,28.3,4.55,2.85,1.7,0.77,0.0,0.51,1.14,0.14,0.18,0.31,0.435,0.565,0.03,0.24,0.27,0.27,0.05,0.1,0.9,1.0,0.2,2022-23,Regular%20Season
202709,Cory Joseph,1610612765,DET,31.0,62,19.8,3.47,1.73,1.74,0.87,0.03,0.31,0.76,0.18,0.19,0.37,0.478,0.522,0.0,0.31,0.31,0.27,0.06,0.0,1.0,0.895,0.211,2022-23,Regular%20Season
1626156,D'Angelo Russell,1610612747,LAL,27.0,71,32.5,3.83,1.61,2.23,2.2,0.03,0.27,0.61,0.31,0.23,0.54,0.579,0.421,0.01,0.13,0.14,0.11,0.04,0.1,0.9,0.889,0.333,2022-23,Regular%20Season
1630227,Daishen Nix,1610612745,HOU,21.0,57,16.0,1.61,0.58,1.04,1.39,0.02,0.11,0.21,0.14,0.18,0.32,0.444,0.556,0.02,0.12,0.14,0.14,0.09,0.125,0.875,1.0,0.625,2022-23,Regular%20Season
1630625,Dalano Banton,1610612761,TOR,23.0,31,9.0,1.94,1.03,0.9,0.9,0.0,0.1,0.23,0.0,0.13,0.13,0.0,1.0,0.03,0.03,0.06,0.03,0.03,0.5,0.5,0.5,0.5,2022-23,Regular%20Season
1631207,Dalen Terry,1610612741,CHI,20.0,38,5.6,0.95,0.39,0.55,0.53,0.03,0.03,0.08,0.11,0.03,0.13,0.8,0.2,0.0,0.08,0.08,0.05,0.03,0.0,1.0,1.0,0.5,2022-23,Regular%20Season
1627745,Damian Jones,1610612762,UTA,27.0,41,11.6,4.07,2.9,1.17,0.39,0.02,1.49,3.44,0.12,0.12,0.24,0.5,0.5,0.1,0.59,0.68,0.51,0.32,0.143,0.857,0.913,0.565,2022-23,Regular%20Season
203081,Damian Lillard,1610612757,POR,32.0,58,36.3,2.83,1.34,1.48,1.55,0.09,0.17,0.34,0.29,0.36,0.66,0.447,0.553,0.02,0.16,0.17,0.17,0.1,0.1,0.9,1.0,0.6,2022-23,Regular%20Season
1627814,Damion Lee,1610612756,PHX,30.0,74,20.4,2.54,1.12,1.42,0.55,0.0,0.2,0.42,0.15,0.14,0.28,0.524,0.476,0.0,0.24,0.24,0.23,0.05,0.0,1.0,1.0,0.235,2022-23,Regular%20Season
1629655,Daniel Gafford,1610612764,WAS,24.0,78,20.6,7.27,5.99,1.28,1.0,0.01,3.08,6.71,0.27,0.22,0.49,0.553,0.447,0.35,1.46,1.81,1.65,0.69,0.191,0.809,0.963,0.403,2022-23,Regular%20Season
1628464,Daniel Theis,1610612754,IND,31.0,7,15.5,4.43,3.43,1.0,0.57,0.0,1.86,4.0,0.0,0.0,0.0,0.0,0.0,0.14,0.71,0.86,0.86,0.29,0.167,0.833,1.0,0.333,2022-23,Regular%20Season
201980,Danny Green,1610612739,CLE,35.0,11,12.6,2.09,1.27,0.82,1.27,0.0,0.09,0.18,0.0,0.18,0.18,0.0,1.0,0.0,0.0,0.0,0.0,0.0,0.0,0.0,0.0,0.0,2022-23,Regular%20Season
1627863,Danuel House Jr.,1610612755,PHI,30.0,56,14.4,2.38,1.29,1.09,0.57,0.09,0.23,0.61,0.09,0.18,0.27,0.333,0.667,0.02,0.29,0.3,0.25,0.05,0.059,0.941,0.875,0.188,2022-23,Regular%20Season
203967,Dario Saric,1610612760,OKC,29.0,57,14.1,3.23,2.44,0.79,0.72,0.02,0.75,1.74,0.14,0.12,0.26,0.533,0.467,0.21,0.79,1.0,0.86,0.47,0.211,0.789,0.98,0.54,2022-23,Regular%20Season
1629647,Darius Bazley,1610612756,PHX,23.0,43,14.3,5.09,2.88,2.21,0.84,0.0,0.91,1.98,0.09,0.07,0.16,0.571,0.429,0.02,0.23,0.26,0.21,0.12,0.091,0.909,0.9,0.5,2022-23,Regular%20Season
1630620,Darius Days,1610612745,HOU,23.0,4,6.2,0.75,0.25,0.5,0.75,0.0,0.0,0.0,0.0,0.0,0.0,0.0,0.0,0.0,0.0,0.0,0.0,0.0,0.0,0.0,0.0,0.0,2022-23,Regular%20Season
1629636,Darius Garland,1610612739,CLE,23.0,69,35.5,3.48,1.59,1.88,2.0,0.1,0.19,0.48,0.22,0.35,0.57,0.385,0.615,0.0,0.09,0.09,0.09,0.01,0.0,1.0,1.0,0.167,2022-23,Regular%20Season
1630561,David Duke Jr.,1610612751,BKN,23.0,23,9.9,1.39,0.74,0.65,0.57,0.04,0.17,0.52,0.13,0.13,0.26,0.5,0.5,0.0,0.13,0.13,0.13,0.0,0.0,1.0,1.0,0.0,2022-23,Regular%20Season
1631223,David Roddy,1610612763,MEM,22.0,70,18.0,3.3,1.5,1.8,0.71,0.06,0.14,0.37,0.17,0.14,0.31,0.545,0.455,0.09,0.3,0.39,0.36,0.17,0.222,0.778,0.926,0.444,2022-23,Regular%20Season
1630558,Davion Mitchell,1610612758,SAC,24.0,80,18.1,2.81,1.44,1.38,0.89,0.19,0.09,0.21,0.1,0.19,0.29,0.348,0.652,0.0,0.15,0.15,0.14,0.03,0.0,1.0,1.0,0.182,2022-23,Regular%20Season
202722,Davis Bertans,1610612742,DAL,30.0,45,10.9,2.71,1.98,0.73,0.44,0.0,0.44,1.07,0.09,0.04,0.13,0.667,0.333,0.0,0.36,0.36,0.33,0.09,0.0,1.0,1.0,0.267,2022-23,Regular%20Season
1628432,Davon Reed,1610612747,LAL,28.0,43,8.0,1.35,0.53,0.81,0.42,0.0,0.07,0.19,0.12,0.09,0.21,0.556,0.444,0.0,0.14,0.14,0.12,0.02,0.0,1.0,1.0,0.2,2022-23,Regular%20Season
1630549,Day'Ron Sharpe,1610612751,BKN,21.0,48,11.5,4.31,3.23,1.08,0.6,0.0,2.02,4.67,0.15,0.13,0.27,0.538,0.462,0.63,0.63,1.25,1.23,0.79,0.5,0.5,1.0,0.644,2022-23,Regular%20Season
1628368,De'Aaron Fox,1610612758,SAC,25.0,73,33.4,4.95,1.82,3.12,2.68,0.07,0.18,0.47,0.42,0.23,0.66,0.646,0.354,0.01,0.08,0.1,0.1,0.03,0.143,0.857,1.0,0.286,2022-23,Regular%20Season
1629631,De'Andre Hunter,1610612737,ATL,25.0,67,31.7,5.7,2.61,3.09,1.37,0.06,0.46,1.07,0.21,0.18,0.39,0.538,0.462,0.01,0.46,0.48,0.34,0.09,0.031,0.969,0.885,0.231,2022-23,Regular%20Season
1629001,De'Anthony Melton,1610612755,PHI,25.0,77,27.9,3.96,1.95,2.01,3.04,0.0,0.29,0.68,0.36,0.31,0.68,0.538,0.462,0.01,0.29,0.3,0.27,0.1,0.043,0.957,0.955,0.364,2022-23,Regular%20Season
201599,DeAndre Jordan,1610612743,DEN,34.0,39,15.0,3.44,2.85,0.59,0.56,0.0,2.05,4.54,0.05,0.08,0.13,0.4,0.6,0.31,0.51,0.82,0.82,0.67,0.375,0.625,1.0,0.813,2022-23,Regular%20Season
201942,DeMar DeRozan,1610612741,CHI,33.0,74,36.2,4.85,2.15,2.7,1.82,0.18,0.12,0.32,0.28,0.31,0.59,0.477,0.523,0.03,0.43,0.46,0.42,0.15,0.059,0.941,0.969,0.344,2022-23,Regular%20Season
1629731,Dean Wade,1610612739,CLE,26.0,44,20.3,4.57,3.34,1.23,1.11,0.05,0.41,1.05,0.16,0.16,0.32,0.5,0.5,0.0,0.7,0.7,0.55,0.14,0.0,1.0,0.857,0.214,2022-23,Regular%20Season
1629028,Deandre Ayton,1610612756,PHX,24.0,67,30.4,9.6,7.54,2.06,1.13,0.0,4.51,9.72,0.24,0.18,0.42,0.571,0.429,0.27,1.13,1.4,1.31,1.0,0.191,0.809,0.978,0.744,2022-23,Regular%20Season
1627749,Dejounte Murray,1610612737,ATL,26.0,74,36.4,3.47,1.96,1.51,3.14,0.0,0.15,0.34,0.36,0.43,0.8,0.458,0.542,0.01,0.11,0.12,0.11,0.09,0.111,0.889,1.0,0.875,2022-23,Regular%20Season
1626153,Delon Wright,1610612764,WAS,31.0,50,24.4,2.72,1.6,1.12,3.24,0.06,0.34,0.8,0.34,0.3,0.64,0.531,0.469,0.04,0.24,0.28,0.26,0.12,0.143,0.857,1.0,0.462,2022-23,Regular%20Season
1630166,Deni Avdija,1610612764,WAS,22.0,76,26.6,5.46,3.43,2.03,1.26,0.0,0.33,0.83,0.36,0.32,0.67,0.529,0.471,0.04,0.22,0.26,0.24,0.12,0.15,0.85,0.947,0.474,2022-23,Regular%20Season
203471,Dennis Schroder,1610612747,LAL,29.0,67,29.6,3.73,1.91,1.82,1.58,0.15,0.25,0.66,0.33,0.27,0.6,0.55,0.45,0.0,0.09,0.09,0.09,0.0,0.0,1.0,1.0,0.0,2022-23,Regular%20Season
1628372,Dennis Smith Jr.,1610612766,CHA,25.0,54,25.7,4.69,2.37,2.31,2.63,0.04,0.22,0.54,0.24,0.35,0.59,0.406,0.594,0.0,0.24,0.24,0.22,0.06,0.0,1.0,0.923,0.231,2022-23,Regular%20Season
1629126,Deonte Burton,1610612758,SAC,29.0,2,3.3,0.5,0.5,0.0,0.0,0.0,0.0,0.0,0.0,0.0,0.0,0.0,0.0,0.0,0.0,0.0,0.0,0.0,0.0,0.0,0.0,0.0,2022-23,Regular%20Season
1631220,Dereon Seabron,1610612740,NOP,23.0,5,2.3,0.4,0.2,0.2,0.0,0.0,0.0,0.0,0.0,0.0,0.0,0.0,0.0,0.0,0.0,0.0,0.0,0.0,0.0,0.0,0.0,0.0,2022-23,Regular%20Season
1627884,Derrick Jones Jr.,1610612741,CHI,26.0,64,14.0,3.25,1.86,1.39,1.02,0.0,0.72,1.53,0.16,0.14,0.3,0.526,0.474,0.08,0.47,0.55,0.5,0.19,0.143,0.857,0.97,0.364,2022-23,Regular%20Season
201565,Derrick Rose,1610612752,NYK,34.0,27,12.5,2.04,1.15,0.89,0.52,0.0,0.11,0.22,0.11,0.22,0.33,0.333,0.667,0.0,0.07,0.07,0.04,0.0,0.0,1.0,0.5,0.0,2022-23,Regular%20Season
1628401,Derrick White,1610612738,BOS,28.0,82,28.3,6.18,4.09,2.1,1.59,0.16,0.39,0.99,0.15,0.24,0.39,0.375,0.625,0.0,0.18,0.18,0.18,0.06,0.0,1.0,1.0,0.333,2022-23,Regular%20Season
1630217,Desmond Bane,1610612763,MEM,24.0,58,31.7,4.97,2.12,2.84,1.79,0.0,0.43,0.93,0.21,0.28,0.48,0.429,0.571,0.02,0.16,0.17,0.16,0.1,0.1,0.9,0.9,0.6,2022-23,Regular%20Season
1626164,Devin Booker,1610612756,PHX,26.0,53,34.6,4.32,2.15,2.17,1.94,0.02,0.3,0.72,0.4,0.42,0.81,0.488,0.512,0.06,0.42,0.47,0.45,0.15,0.12,0.88,0.96,0.32,2022-23,Regular%20Season
1630170,Devin Vassell,1610612759,SAS,22.0,38,31.0,3.45,2.29,1.16,1.97,0.0,0.11,0.24,0.13,0.42,0.55,0.238,0.762,0.0,0.26,0.26,0.24,0.13,0.0,1.0,1.0,0.556,2022-23,Regular%20Season
1629653,Devon Dotson,1610612764,WAS,23.0,6,8.9,1.17,0.5,0.67,1.0,0.0,0.0,0.0,0.17,0.33,0.5,0.333,0.667,0.0,0.17,0.17,0.17,0.0,0.0,1.0,1.0,0.0,2022-23,Regular%20Season
1628984,Devonte' Graham,1610612759,SAS,28.0,73,18.3,1.6,0.6,1.0,1.05,0.12,0.22,0.52,0.11,0.18,0.29,0.381,0.619,0.01,0.18,0.19,0.16,0.03,0.071,0.929,0.857,0.143,2022-23,Regular%20Season
203473,Dewayne Dedmon,1610612755,PHI,33.0,38,11.2,3.53,2.76,0.76,0.39,0.05,1.42,3.26,0.11,0.13,0.24,0.444,0.556,0.16,0.68,0.84,0.76,0.47,0.188,0.813,1.0,0.621,2022-23,Regular%20Season
1628415,Dillon Brooks,1610612763,MEM,27.0,73,30.3,3.84,1.7,2.14,2.07,0.01,0.36,0.86,0.12,0.27,0.4,0.31,0.69,0.0,0.45,0.45,0.42,0.1,0.0,1.0,1.0,0.226,2022-23,Regular%20Season
1627734,Domantas Sabonis,1610612758,SAC,27.0,79,34.6,9.52,8.11,1.41,1.56,0.04,5.51,13.34,0.38,0.28,0.66,0.577,0.423,0.66,1.42,2.08,2.04,1.47,0.317,0.683,0.988,0.712,2022-23,Regular%20Season
1631230,Dominick Barlow,1610612759,SAS,20.0,28,14.6,5.07,3.71,1.36,0.79,0.04,1.18,2.61,0.29,0.11,0.39,0.727,0.273,0.11,0.57,0.68,0.61,0.21,0.158,0.842,0.895,0.316,2022-23,Regular%20Season
1628378,Donovan Mitchell,1610612739,CLE,26.0,68,35.8,3.5,1.41,2.09,2.44,0.03,0.19,0.4,0.54,0.5,1.04,0.521,0.479,0.0,0.34,0.34,0.32,0.1,0.0,1.0,0.957,0.304,2022-23,Regular%20Season
1631495,Donovan Williams,1610612737,ATL,21.0,2,2.1,0.0,0.0,0.0,0.0,0.0,0.0,0.0,0.0,0.0,0.0,0.0,0.0,0.0,0.0,0.0,0.0,0.0,0.0,0.0,0.0,0.0,2022-23,Regular%20Season
1628978,Donte DiVincenzo,1610612744,GSW,26.0,72,26.3,3.83,1.78,2.06,2.49,0.0,0.39,1.04,0.33,0.26,0.6,0.558,0.442,0.01,0.11,0.13,0.13,0.01,0.111,0.889,1.0,0.111,2022-23,Regular%20Season
1627827,Dorian Finney-Smith,1610612751,BKN,30.0,66,30.4,6.11,4.18,1.92,1.52,0.0,0.79,1.92,0.42,0.3,0.73,0.583,0.417,0.03,0.55,0.58,0.47,0.14,0.053,0.947,0.969,0.281,2022-23,Regular%20Season
203926,Doug McDermott,1610612759,SAS,31.0,64,20.5,2.75,1.58,1.17,0.28,0.0,0.25,0.53,0.14,0.17,0.31,0.45,0.55,0.02,0.17,0.19,0.16,0.06,0.083,0.917,0.833,0.333,2022-23,Regular%20Season
203110,Draymond Green,1610612744,GSW,33.0,73,31.5,10.07,6.85,3.22,2.73,0.18,3.21,8.29,0.22,0.22,0.44,0.5,0.5,0.07,1.53,1.6,1.52,0.75,0.043,0.957,0.974,0.482,2022-23,Regular%20Season
1629234,Drew Eubanks,1610612757,POR,26.0,78,20.3,6.17,5.06,1.1,1.24,0.1,3.31,7.74,0.27,0.12,0.38,0.7,0.3,0.28,0.81,1.09,0.97,0.49,0.259,0.741,0.927,0.463,2022-23,Regular%20Season
1630696,Dru Smith,1610612751,BKN,25.0,15,10.6,2.0,1.13,0.87,1.47,0.07,0.0,0.0,0.07,0.13,0.2,0.333,0.667,0.0,0.07,0.07,0.07,0.0,0.0,1.0,1.0,0.0,2022-23,Regular%20Season
1630613,Duane Washington Jr.,1610612752,NYK,23.0,31,12.7,1.61,0.84,0.77,0.23,0.03,0.16,0.32,0.1,0.03,0.13,0.75,0.25,0.0,0.06,0.06,0.06,0.0,0.0,1.0,1.0,0.0,2022-23,Regular%20Season
1629130,Duncan Robinson,1610612748,MIA,29.0,42,16.4,2.02,0.83,1.19,0.64,0.1,0.48,1.05,0.0,0.05,0.05,0.0,1.0,0.0,0.31,0.31,0.31,0.05,0.0,1.0,1.0,0.154,2022-23,Regular%20Season
203939,Dwight Powell,1610612742,DAL,31.0,76,19.2,7.43,5.79,1.64,1.2,0.01,3.03,7.03,0.22,0.2,0.42,0.531,0.469,0.3,1.04,1.34,1.21,0.5,0.225,0.775,0.939,0.388,2022-23,Regular%20Season
1629685,Dylan Windler,1610612739,CLE,26.0,3,3.5,0.67,0.33,0.33,0.67,0.0,0.0,0.0,0.0,0.0,0.0,0.0,0.0,0.0,0.0,0.0,0.0,0.0,0.0,0.0,0.0,0.0,2022-23,Regular%20Season
1630700,Dyson Daniels,1610612740,NOP,20.0,59,17.7,4.63,2.73,1.9,1.53,0.05,0.14,0.32,0.19,0.22,0.41,0.458,0.542,0.0,0.2,0.2,0.2,0.08,0.0,1.0,1.0,0.417,2022-23,Regular%20Season
1628410,Edmond Sumner,1610612751,BKN,27.0,53,13.9,1.47,0.77,0.7,1.08,0.02,0.15,0.3,0.09,0.13,0.23,0.417,0.583,0.0,0.08,0.08,0.08,0.02,0.0,1.0,1.0,0.25,2022-23,Regular%20Season
201569,Eric Gordon,1610612746,LAC,34.0,69,28.5,1.86,0.74,1.12,1.36,0.0,0.35,0.83,0.19,0.14,0.33,0.565,0.435,0.0,0.09,0.09,0.07,0.0,0.0,1.0,1.0,0.0,2022-23,Regular%20Season
1630647,Eugene Omoruyi,1610612765,DET,26.0,40,16.1,2.85,1.28,1.58,1.4,0.33,0.28,0.65,0.25,0.05,0.3,0.833,0.167,0.18,0.63,0.8,0.6,0.18,0.219,0.781,0.828,0.241,2022-23,Regular%20Season
203095,Evan Fournier,1610612752,NYK,30.0,27,17.0,2.07,0.85,1.22,1.04,0.0,0.11,0.22,0.04,0.04,0.07,0.5,0.5,0.0,0.3,0.3,0.3,0.07,0.0,1.0,1.0,0.25,2022-23,Regular%20Season
1630596,Evan Mobley,1610612739,CLE,22.0,79,34.4,11.33,7.77,3.56,1.81,0.01,2.7,6.13,0.38,0.3,0.68,0.556,0.444,0.24,1.1,1.34,1.2,0.73,0.179,0.821,0.99,0.604,2022-23,Regular%20Season
1630267,Facundo Campazzo,1610612742,DAL,32.0,8,6.5,0.75,0.38,0.38,0.88,0.13,0.0,0.0,0.13,0.25,0.38,0.333,0.667,0.0,0.25,0.25,0.25,0.0,0.0,1.0,1.0,0.0,2022-23,Regular%20Season
1628402,Frank Jackson,1610612762,UTA,25.0,1,5.1,0.0,0.0,0.0,0.0,0.0,0.0,0.0,0.0,0.0,0.0,0.0,0.0,0.0,0.0,0.0,0.0,0.0,0.0,0.0,0.0,0.0,2022-23,Regular%20Season
1626163,Frank Kaminsky,1610612745,HOU,30.0,36,6.5,1.75,1.25,0.5,0.17,0.0,0.44,1.08,0.08,0.06,0.14,0.6,0.4,0.03,0.42,0.44,0.36,0.17,0.063,0.938,0.929,0.429,2022-23,Regular%20Season
1628373,Frank Ntilikina,1610612742,DAL,24.0,47,12.9,2.43,1.43,1.0,0.57,0.04,0.23,0.55,0.06,0.09,0.15,0.429,0.571,0.0,0.13,0.13,0.13,0.0,0.0,1.0,1.0,0.0,2022-23,Regular%20Season
1630532,Franz Wagner,1610612753,ORL,21.0,80,32.6,5.65,2.88,2.78,1.99,0.03,0.38,0.89,0.19,0.28,0.46,0.405,0.595,0.11,0.49,0.6,0.53,0.18,0.188,0.813,0.894,0.298,2022-23,Regular%20Season
1627832,Fred VanVleet,1610612761,TOR,29.0,69,36.7,4.14,1.58,2.57,3.8,0.01,0.42,0.91,0.28,0.65,0.93,0.297,0.703,0.01,0.25,0.26,0.23,0.1,0.056,0.944,0.889,0.389,2022-23,Regular%20Season
1627788,Furkan Korkmaz,1610612755,PHI,25.0,37,9.6,0.92,0.38,0.54,0.41,0.0,0.16,0.35,0.0,0.08,0.08,0.0,1.0,0.0,0.08,0.08,0.08,0.03,0.0,1.0,1.0,0.333,2022-23,Regular%20Season
1629216,Gabe Vincent,1610612748,MIA,27.0,68,25.9,4.09,1.79,2.29,1.91,0.12,0.37,0.78,0.21,0.19,0.4,0.519,0.481,0.0,0.26,0.26,0.21,0.01,0.0,1.0,0.933,0.067,2022-23,Regular%20Season
1628221,Gabe York,1610612754,IND,29.0,3,18.6,1.0,0.67,0.33,2.67,0.33,0.0,0.0,0.67,0.33,1.0,0.667,0.333,0.0,0.33,0.33,0.33,0.33,0.0,1.0,1.0,1.0,2022-23,Regular%20Season
202066,Garrett Temple,1610612740,NOP,37.0,25,6.5,0.92,0.52,0.4,0.64,0.0,0.04,0.08,0.08,0.08,0.16,0.5,0.5,0.0,0.08,0.08,0.08,0.08,0.0,1.0,1.0,1.0,2022-23,Regular%20Season
1629726,Garrison Mathews,1610612737,ATL,26.0,54,12.7,1.74,0.74,1.0,0.56,0.24,0.04,0.09,0.06,0.2,0.26,0.214,0.786,0.0,0.06,0.06,0.06,0.0,0.0,1.0,1.0,0.0,2022-23,Regular%20Season
203914,Gary Harris,1610612753,ORL,28.0,48,24.7,2.42,0.98,1.44,1.96,0.0,0.31,0.67,0.15,0.25,0.4,0.368,0.632,0.0,0.13,0.13,0.1,0.04,0.0,1.0,0.833,0.333,2022-23,Regular%20Season
1627780,Gary Payton II,1610612744,GSW,30.0,22,16.7,2.5,1.27,1.23,2.0,0.0,0.45,1.23,0.27,0.27,0.55,0.5,0.5,0.14,0.27,0.41,0.36,0.14,0.333,0.667,0.889,0.333,2022-23,Regular%20Season
1629018,Gary Trent Jr.,1610612761,TOR,24.0,66,32.1,2.26,0.95,1.3,2.73,0.0,0.17,0.36,0.23,0.44,0.67,0.341,0.659,0.02,0.21,0.23,0.21,0.08,0.067,0.933,0.933,0.333,2022-23,Regular%20Season
201588,George Hill,1610612754,IND,37.0,46,18.1,2.52,1.46,1.07,1.02,0.0,0.13,0.3,0.02,0.33,0.35,0.063,0.938,0.0,0.24,0.24,0.22,0.02,0.0,1.0,0.909,0.091,2022-23,Regular%20Season
1627777,Georges Niang,1610612755,PHI,30.0,78,19.4,3.24,1.67,1.58,0.62,0.12,0.67,1.6,0.13,0.19,0.32,0.4,0.6,0.03,0.51,0.54,0.5,0.22,0.048,0.952,0.951,0.415,2022-23,Regular%20Season
203507,Giannis Antetokounmpo,1610612749,MIL,28.0,63,32.1,6.57,4.33,2.24,1.51,0.05,1.76,4.11,0.56,0.37,0.92,0.603,0.397,0.19,0.6,0.79,0.75,0.49,0.24,0.76,0.979,0.646,2022-23,Regular%20Season
1629048,Goga Bitadze,1610612753,ORL,23.0,38,12.0,3.34,2.45,0.89,1.08,0.0,1.79,4.03,0.21,0.08,0.29,0.727,0.273,0.32,0.5,0.82,0.74,0.45,0.387,0.613,0.966,0.586,2022-23,Regular%20Season
201609,Goran Dragic,1610612749,MIL,37.0,58,15.0,1.78,1.14,0.64,0.6,0.03,0.17,0.36,0.17,0.19,0.36,0.476,0.524,0.0,0.14,0.14,0.14,0.03,0.0,1.0,1.0,0.25,2022-23,Regular%20Season
202330,Gordon Hayward,1610612766,CHA,33.0,50,31.5,5.06,3.06,2.0,1.78,0.0,0.52,1.3,0.18,0.22,0.4,0.45,0.55,0.04,0.2,0.24,0.24,0.12,0.167,0.833,1.0,0.5,2022-23,Regular%20Season
203476,Gorgui Dieng,1610612759,SAS,33.0,31,11.6,3.23,2.48,0.74,0.84,0.16,1.55,3.52,0.1,0.03,0.13,0.75,0.25,0.03,0.52,0.55,0.55,0.35,0.059,0.941,1.0,0.647,2022-23,Regular%20Season
1629684,Grant Williams,1610612738,BOS,24.0,79,25.9,4.58,2.91,1.67,0.86,0.08,0.89,2.22,0.35,0.19,0.54,0.651,0.349,0.27,1.29,1.56,1.43,0.57,0.171,0.829,0.966,0.385,2022-23,Regular%20Season
1628960,Grayson Allen,1610612749,MIL,27.0,72,27.4,3.46,1.99,1.47,1.57,0.04,0.24,0.5,0.24,0.29,0.53,0.447,0.553,0.01,0.04,0.06,0.06,0.01,0.25,0.75,1.0,0.25,2022-23,Regular%20Season
1630535,Greg Brown III,1610612757,POR,21.0,16,5.8,0.75,0.5,0.25,0.56,0.0,0.0,0.0,0.06,0.0,0.06,1.0,0.0,0.0,0.0,0.0,0.0,0.0,0.0,0.0,0.0,0.0,2022-23,Regular%20Season
1628977,Hamidou Diallo,1610612765,DET,24.0,56,17.8,2.82,1.64,1.18,1.89,0.02,0.41,1.02,0.39,0.18,0.57,0.688,0.313,0.04,0.23,0.27,0.23,0.14,0.133,0.867,1.0,0.615,2022-23,Regular%20Season
203084,Harrison Barnes,1610612758,SAC,31.0,82,32.5,6.55,3.74,2.8,1.11,0.09,0.38,0.96,0.22,0.15,0.37,0.6,0.4,0.06,0.45,0.51,0.48,0.29,0.119,0.881,0.951,0.585,2022-23,Regular%20Season
1629312,Haywood Highsmith,1610612748,MIA,26.0,54,18.0,3.52,2.04,1.48,1.44,0.02,0.3,0.78,0.24,0.09,0.33,0.722,0.278,0.09,0.33,0.43,0.35,0.15,0.217,0.783,0.864,0.364,2022-23,Regular%20Season
1630529,Herbert Jones,1610612740,NOP,24.0,66,29.6,6.15,3.24,2.91,3.36,0.29,0.48,1.23,0.33,0.41,0.74,0.449,0.551,0.0,0.48,0.48,0.45,0.09,0.0,1.0,0.968,0.194,2022-23,Regular%20Season
1630193,Immanuel Quickley,1610612752,NYK,24.0,81,28.9,5.25,2.72,2.53,1.57,0.01,0.2,0.47,0.25,0.37,0.62,0.4,0.6,0.0,0.3,0.3,0.27,0.09,0.0,1.0,0.957,0.304,2022-23,Regular%20Season
1630171,Isaac Okoro,1610612739,CLE,22.0,76,21.7,3.59,2.51,1.08,1.36,0.0,0.18,0.43,0.22,0.21,0.43,0.515,0.485,0.01,0.47,0.49,0.41,0.08,0.027,0.973,0.912,0.176,2022-23,Regular%20Season
1628392,Isaiah Hartenstein,1610612752,NYK,25.0,82,19.9,5.94,4.89,1.05,1.3,0.04,2.07,4.79,0.24,0.23,0.48,0.513,0.487,0.35,1.68,2.04,1.68,0.84,0.174,0.826,0.932,0.466,2022-23,Regular%20Season
1630543,Isaiah Jackson,1610612754,IND,21.0,63,16.5,6.63,4.9,1.73,1.05,0.02,2.02,4.56,0.27,0.14,0.41,0.654,0.346,0.13,0.63,0.76,0.68,0.4,0.167,0.833,0.956,0.556,2022-23,Regular%20Season
1630198,Isaiah Joe,1610612760,OKC,23.0,73,19.1,2.74,1.33,1.41,1.15,0.27,0.33,0.71,0.19,0.33,0.52,0.368,0.632,0.01,0.12,0.14,0.12,0.01,0.1,0.9,0.9,0.1,2022-23,Regular%20Season
1630587,Isaiah Livers,1610612765,DET,24.0,52,23.1,6.08,4.0,2.08,0.88,0.02,0.15,0.33,0.15,0.37,0.52,0.296,0.704,0.02,0.67,0.69,0.62,0.23,0.028,0.972,0.941,0.353,2022-23,Regular%20Season
1630600,Isaiah Mobley,1610612739,CLE,23.0,12,7.0,1.67,0.83,0.83,0.67,0.0,0.5,1.25,0.0,0.17,0.17,0.0,1.0,0.0,0.17,0.17,0.17,0.0,0.0,1.0,1.0,0.0,2022-23,Regular%20Season
1629676,Isaiah Roby,1610612752,NYK,25.0,42,11.3,2.86,1.74,1.12,0.67,0.05,0.31,0.69,0.1,0.17,0.26,0.364,0.636,0.0,0.19,0.19,0.17,0.05,0.0,1.0,1.0,0.286,2022-23,Regular%20Season
1630191,Isaiah Stewart,1610612765,DET,22.0,50,28.3,10.8,7.22,3.58,0.72,0.0,2.52,5.82,0.38,0.12,0.5,0.76,0.24,0.54,0.94,1.48,1.24,0.88,0.365,0.635,0.984,0.698,2022-23,Regular%20Season
1630225,Isaiah Todd,1610612764,WAS,21.0,6,10.2,1.83,1.33,0.5,0.67,0.0,0.17,0.5,0.17,0.0,0.17,1.0,0.0,0.0,0.17,0.17,0.17,0.17,0.0,1.0,1.0,1.0,2022-23,Regular%20Season
202397,Ish Smith,1610612743,DEN,34.0,43,9.3,0.95,0.4,0.56,0.21,0.02,0.07,0.16,0.05,0.09,0.14,0.333,0.667,0.0,0.07,0.07,0.05,0.02,0.0,1.0,1.0,0.5,2022-23,Regular%20Season
1630688,Ish Wainright,1610612756,PHX,28.0,60,15.3,2.1,0.97,1.13,1.15,0.05,0.47,1.13,0.1,0.15,0.25,0.4,0.6,0.03,0.4,0.43,0.38,0.08,0.077,0.923,1.0,0.217,2022-23,Regular%20Season
1627826,Ivica Zubac,1610612746,LAC,26.0,76,28.5,11.43,9.2,2.24,0.68,0.0,4.28,9.49,0.22,0.29,0.51,0.436,0.564,0.79,1.12,1.91,1.79,1.32,0.414,0.586,0.965,0.709,2022-23,Regular%20Season
1631120,JD Davison,1610612738,BOS,20.0,12,5.5,0.67,0.33,0.33,0.25,0.0,0.0,0.0,0.0,0.0,0.0,0.0,0.0,0.0,0.0,0.0,0.0,0.0,0.0,0.0,0.0,0.0,2022-23,Regular%20Season
1630550,JT Thor,1610612766,CHA,20.0,69,14.0,3.49,2.33,1.16,0.49,0.0,0.38,0.87,0.06,0.07,0.13,0.444,0.556,0.03,0.29,0.32,0.29,0.14,0.091,0.909,0.909,0.455,2022-23,Regular%20Season
1629630,Ja Morant,1610612763,MEM,23.0,61,31.9,3.11,1.43,1.69,1.84,0.08,0.11,0.31,0.41,0.49,0.9,0.455,0.545,0.0,0.34,0.34,0.34,0.16,0.0,1.0,1.0,0.476,2022-23,Regular%20Season
203210,JaMychal Green,1610612744,GSW,32.0,57,14.0,3.32,2.07,1.25,0.6,0.0,1.12,2.77,0.05,0.11,0.16,0.333,0.667,0.35,0.54,0.89,0.79,0.49,0.392,0.608,0.938,0.583,2022-23,Regular%20Season
201580,JaVale McGee,1610612742,DAL,35.0,42,8.4,2.88,2.48,0.4,0.36,0.0,0.93,2.07,0.07,0.02,0.1,0.75,0.25,0.12,0.55,0.67,0.6,0.33,0.179,0.821,0.962,0.538,2022-23,Regular%20Season
1631095,Jabari Smith Jr.,1610612745,HOU,20.0,79,31.0,7.7,4.35,3.34,1.59,0.0,0.53,1.28,0.32,0.16,0.48,0.658,0.342,0.15,0.34,0.49,0.49,0.3,0.308,0.692,1.0,0.615,2022-23,Regular%20Season
1631133,Jabari Walker,1610612757,POR,20.0,56,11.1,2.25,1.32,0.93,0.64,0.02,0.61,1.57,0.11,0.04,0.14,0.75,0.25,0.07,0.25,0.32,0.32,0.18,0.222,0.778,1.0,0.556,2022-23,Regular%20Season
1631298,Jack White,1610612743,DEN,25.0,17,3.9,0.76,0.29,0.47,0.29,0.0,0.06,0.18,0.0,0.0,0.0,0.0,0.0,0.0,0.0,0.0,0.0,0.0,0.0,0.0,0.0,0.0,2022-23,Regular%20Season
1631367,Jacob Gilyard,1610612763,MEM,24.0,1,40.8,1.0,1.0,0.0,4.0,0.0,0.0,0.0,0.0,1.0,1.0,0.0,1.0,0.0,0.0,0.0,0.0,0.0,0.0,0.0,0.0,0.0,2022-23,Regular%20Season
1630702,Jaden Hardy,1610612742,DAL,20.0,48,14.8,2.02,0.85,1.17,0.65,0.06,0.1,0.25,0.13,0.15,0.27,0.462,0.538,0.0,0.25,0.25,0.25,0.15,0.0,1.0,1.0,0.583,2022-23,Regular%20Season
1631093,Jaden Ivey,1610612765,DET,21.0,74,31.1,3.85,1.74,2.11,1.53,0.01,0.15,0.34,0.45,0.24,0.69,0.647,0.353,0.01,0.19,0.2,0.18,0.03,0.067,0.933,0.867,0.133,2022-23,Regular%20Season
1630183,Jaden McDaniels,1610612750,MIN,22.0,79,30.6,7.06,4.2,2.86,2.25,0.01,0.2,0.47,0.16,0.28,0.44,0.371,0.629,0.04,0.44,0.48,0.42,0.15,0.079,0.921,0.971,0.353,2022-23,Regular%20Season
1630531,Jaden Springer,1610612755,PHI,20.0,16,5.6,0.88,0.44,0.44,0.44,0.0,0.0,0.0,0.06,0.25,0.31,0.2,0.8,0.0,0.06,0.06,0.06,0.0,0.0,1.0,1.0,0.0,2022-23,Regular%20Season
203109,Jae Crowder,1610612749,MIL,32.0,18,18.9,2.61,1.33,1.28,1.28,0.0,0.61,1.33,0.17,0.11,0.28,0.6,0.4,0.17,0.33,0.5,0.5,0.33,0.333,0.667,1.0,0.667,2022-23,Regular%20Season
1630256,Jae'Sean Tate,1610612745,HOU,27.0,31,21.9,4.26,1.9,2.35,1.39,0.32,0.97,2.45,0.39,0.19,0.58,0.667,0.333,0.16,0.55,0.71,0.65,0.32,0.227,0.773,0.952,0.476,2022-23,Regular%20Season
1631222,Jake LaRavia,1610612763,MEM,21.0,35,11.8,2.69,1.29,1.4,0.94,0.0,0.11,0.26,0.09,0.11,0.2,0.429,0.571,0.0,0.29,0.29,0.29,0.09,0.0,1.0,1.0,0.3,2022-23,Regular%20Season
1627751,Jakob Poeltl,1610612761,TOR,27.0,72,26.5,9.33,7.65,1.68,2.0,0.04,3.49,7.56,0.18,0.28,0.46,0.394,0.606,0.57,1.4,1.97,1.83,1.14,0.289,0.711,0.957,0.594,2022-23,Regular%20Season
1628973,Jalen Brunson,1610612752,NYK,26.0,68,35.0,5.25,1.94,3.31,1.51,0.4,0.44,1.1,0.54,0.34,0.88,0.617,0.383,0.0,0.22,0.22,0.19,0.06,0.0,1.0,0.867,0.267,2022-23,Regular%20Season
1631105,Jalen Duren,1610612765,DET,19.0,67,24.9,8.0,5.72,2.28,0.96,0.0,3.75,8.25,0.24,0.22,0.46,0.516,0.484,0.78,0.81,1.58,1.46,1.16,0.491,0.509,0.951,0.757,2022-23,Regular%20Season
1630224,Jalen Green,1610612745,HOU,21.0,76,34.2,3.82,1.47,2.34,1.22,0.0,0.09,0.2,0.33,0.25,0.58,0.568,0.432,0.0,0.03,0.03,0.01,0.01,0.0,1.0,0.5,0.5,2022-23,Regular%20Season
1630552,Jalen Johnson,1610612737,ATL,21.0,70,14.9,2.97,1.79,1.19,1.3,0.03,0.69,1.63,0.03,0.17,0.2,0.143,0.857,0.01,0.27,0.29,0.2,0.13,0.05,0.95,1.0,0.643,2022-23,Regular%20Season
1629667,Jalen McDaniels,1610612755,PHI,25.0,80,23.9,4.91,2.51,2.4,1.98,0.0,0.34,0.85,0.21,0.19,0.4,0.531,0.469,0.04,0.28,0.31,0.29,0.14,0.12,0.88,0.92,0.44,2022-23,Regular%20Season
1630188,Jalen Smith,1610612754,IND,23.0,68,18.8,6.09,4.13,1.96,0.44,0.1,1.51,3.44,0.1,0.13,0.24,0.438,0.563,0.38,0.62,1.0,0.93,0.63,0.382,0.618,0.984,0.672,2022-23,Regular%20Season
1630591,Jalen Suggs,1610612753,ORL,22.0,53,23.5,4.47,2.0,2.47,2.42,0.15,0.09,0.23,0.28,0.28,0.57,0.5,0.5,0.09,0.21,0.3,0.3,0.17,0.313,0.688,1.0,0.563,2022-23,Regular%20Season
1631114,Jalen Williams,1610612760,OKC,22.0,75,30.3,4.73,3.29,1.44,2.07,0.08,0.32,0.76,0.33,0.32,0.65,0.51,0.49,0.07,0.45,0.52,0.47,0.24,0.128,0.872,0.921,0.474,2022-23,Regular%20Season
1631288,Jamal Cain,1610612748,MIA,24.0,18,13.3,1.83,0.5,1.33,1.61,0.0,0.44,1.06,0.06,0.06,0.11,0.5,0.5,0.17,0.11,0.28,0.28,0.17,0.6,0.4,1.0,0.6,2022-23,Regular%20Season
1627750,Jamal Murray,1610612743,DEN,26.0,65,32.8,5.22,2.54,2.68,1.86,0.08,0.42,0.92,0.34,0.38,0.72,0.468,0.532,0.0,0.32,0.32,0.32,0.06,0.0,1.0,1.0,0.19,2022-23,Regular%20Season
1631123,Jamaree Bouyea,1610612764,WAS,23.0,5,14.1,1.8,1.2,0.6,1.4,0.0,0.0,0.0,0.2,0.0,0.2,1.0,0.0,0.0,0.0,0.0,0.0,0.0,0.0,0.0,0.0,0.0,2022-23,Regular%20Season
1630547,James Bouknight,1610612766,CHA,22.0,34,15.2,2.38,1.21,1.18,0.53,0.0,0.03,0.06,0.06,0.18,0.24,0.25,0.75,0.0,0.12,0.12,0.12,0.09,0.0,1.0,1.0,0.75,2022-23,Regular%20Season
201935,James Harden,1610612755,PHI,33.0,58,36.8,4.5,1.86,2.64,2.05,0.05,0.1,0.22,0.41,0.36,0.78,0.533,0.467,0.05,0.48,0.53,0.48,0.16,0.097,0.903,0.903,0.29,2022-23,Regular%20Season
201949,James Johnson,1610612754,IND,36.0,18,9.0,1.67,0.94,0.72,0.56,0.06,0.61,1.67,0.11,0.11,0.22,0.5,0.5,0.06,0.28,0.33,0.28,0.17,0.167,0.833,1.0,0.6,2022-23,Regular%20Season
1630164,James Wiseman,1610612765,DET,22.0,45,19.3,6.73,5.27,1.47,0.33,0.0,2.16,4.82,0.13,0.02,0.16,0.857,0.143,0.18,0.76,0.93,0.91,0.51,0.19,0.81,0.976,0.548,2022-23,Regular%20Season
1630215,Jared Butler,1610612760,OKC,22.0,6,12.8,1.17,0.17,1.0,0.83,0.17,0.0,0.0,0.0,0.33,0.33,0.0,1.0,0.0,0.0,0.0,0.0,0.0,0.0,0.0,0.0,0.0,2022-23,Regular%20Season
1631197,Jared Rhoden,1610612765,DET,23.0,14,14.1,1.79,0.93,0.86,0.71,0.0,0.07,0.21,0.07,0.21,0.29,0.25,0.75,0.07,0.21,0.29,0.29,0.07,0.25,0.75,1.0,0.25,2022-23,Regular%20Season
1628991,Jaren Jackson Jr.,1610612763,MEM,23.0,63,28.4,10.84,8.49,2.35,1.97,0.0,1.35,3.11,0.3,0.43,0.73,0.413,0.587,0.19,1.0,1.19,1.03,0.52,0.16,0.84,0.942,0.478,2022-23,Regular%20Season
1629020,Jarred Vanderbilt,1610612747,LAL,24.0,78,24.1,4.27,2.72,1.55,2.21,0.0,1.85,4.58,0.35,0.36,0.71,0.491,0.509,0.15,0.32,0.47,0.41,0.27,0.324,0.676,0.941,0.618,2022-23,Regular%20Season
1629714,Jarrell Brantley,1610612762,UTA,27.0,4,9.7,2.5,1.25,1.25,1.0,0.0,0.0,0.0,0.25,0.25,0.5,0.5,0.5,0.0,0.0,0.0,0.0,0.0,0.0,0.0,0.0,0.0,2022-23,Regular%20Season
1628386,Jarrett Allen,1610612739,CLE,25.0,68,32.6,11.12,8.56,2.56,1.5,0.06,3.84,9.01,0.46,0.31,0.76,0.596,0.404,0.34,1.22,1.57,1.35,0.84,0.215,0.776,0.958,0.594,2022-23,Regular%20Season
1629633,Jarrett Culver,1610612737,ATL,24.0,10,13.7,2.9,1.5,1.4,1.0,0.2,0.3,0.6,0.3,0.1,0.4,0.75,0.25,0.1,0.1,0.2,0.2,0.1,0.5,0.5,1.0,0.5,2022-23,Regular%20Season
1630554,Jason Preston,1610612746,LAC,23.0,14,8.8,1.07,0.43,0.64,0.14,0.0,0.14,0.29,0.0,0.07,0.07,0.0,1.0,0.0,0.07,0.07,0.07,0.0,0.0,1.0,1.0,0.0,2022-23,Regular%20Season
1629750,Javonte Green,1610612741,CHI,29.0,32,15.0,3.09,1.81,1.28,2.06,0.03,0.5,1.03,0.16,0.19,0.34,0.455,0.545,0.06,0.44,0.5,0.47,0.13,0.125,0.875,1.0,0.267,2022-23,Regular%20Season
1629637,Jaxson Hayes,1610612740,NOP,23.0,47,13.0,3.21,1.68,1.53,0.74,0.02,0.6,1.34,0.11,0.11,0.21,0.5,0.5,0.04,0.32,0.36,0.36,0.23,0.118,0.882,1.0,0.647,2022-23,Regular%20Season
1630643,Jay Huff,1610612764,WAS,25.0,7,13.6,5.71,4.14,1.57,0.71,0.0,1.86,4.29,0.14,0.14,0.29,0.5,0.5,0.14,1.0,1.14,0.57,0.29,0.125,0.875,1.0,0.5,2022-23,Regular%20Season
1630206,Jay Scrubb,1610612753,ORL,22.0,2,15.1,1.5,0.5,1.0,1.5,0.0,0.0,0.0,0.0,0.5,0.5,0.0,1.0,0.0,0.0,0.0,0.0,0.0,0.0,0.0,0.0,0.0,2022-23,Regular%20Season
1627759,Jaylen Brown,1610612738,BOS,26.0,67,35.9,5.06,2.91,2.15,2.04,0.01,0.4,0.97,0.57,0.34,0.91,0.623,0.377,0.03,0.67,0.7,0.69,0.21,0.043,0.957,1.0,0.304,2022-23,Regular%20Season
1629669,Jaylen Nowell,1610612750,MIN,23.0,65,19.3,1.88,1.0,0.88,1.25,0.0,0.03,0.06,0.12,0.14,0.26,0.471,0.529,0.0,0.06,0.06,0.06,0.0,0.0,1.0,1.0,0.0,2022-23,Regular%20Season
1631119,Jaylin Williams,1610612760,OKC,20.0,49,18.7,5.94,4.37,1.57,0.92,0.88,1.8,3.9,0.22,0.22,0.45,0.5,0.5,0.04,1.45,1.49,1.27,0.49,0.027,0.973,0.925,0.358,2022-23,Regular%20Season
1628369,Jayson Tatum,1610612738,BOS,25.0,74,36.9,5.16,2.73,2.43,2.15,0.0,0.81,1.97,0.49,0.41,0.89,0.545,0.455,0.0,0.31,0.31,0.26,0.16,0.0,1.0,0.95,0.6,2022-23,Regular%20Season
1631466,Jeenathan Williams,1610612757,POR,24.0,5,25.3,3.0,1.4,1.6,1.0,0.0,0.0,0.0,0.6,0.2,0.8,0.75,0.25,0.4,0.4,0.8,0.8,0.2,0.5,0.5,1.0,0.25,2022-23,Regular%20Season
1630288,Jeff Dowtin Jr.,1610612761,TOR,26.0,25,10.3,0.8,0.44,0.36,0.8,0.0,0.0,0.0,0.04,0.12,0.16,0.25,0.75,0.0,0.04,0.04,0.04,0.0,0.0,1.0,1.0,0.0,2022-23,Regular%20Season
201145,Jeff Green,1610612743,DEN,36.0,56,19.5,4.46,2.64,1.82,0.41,0.13,0.89,2.16,0.04,0.09,0.13,0.286,0.714,0.02,0.36,0.38,0.25,0.11,0.048,0.952,0.824,0.353,2022-23,Regular%20Season
203924,Jerami Grant,1610612757,POR,29.0,63,35.6,4.9,3.03,1.87,1.37,0.13,0.71,1.79,0.25,0.06,0.32,0.8,0.2,0.05,0.7,0.75,0.57,0.16,0.064,0.936,0.878,0.244,2022-23,Regular%20Season
1630526,Jeremiah Robinson-Earl,1610612760,OKC,22.0,43,18.9,5.35,3.79,1.56,0.65,0.02,1.28,2.86,0.19,0.09,0.28,0.667,0.333,0.14,0.81,0.95,0.86,0.37,0.146,0.854,0.974,0.421,2022-23,Regular%20Season
1631110,Jeremy Sochan,1610612759,SAS,20.0,56,26.0,5.88,3.32,2.55,1.63,0.05,0.57,1.3,0.2,0.21,0.41,0.478,0.522,0.11,0.16,0.27,0.25,0.14,0.4,0.6,1.0,0.571,2022-23,Regular%20Season
1630579,Jericho Sims,1610612752,NYK,24.0,52,15.6,5.08,4.17,0.9,0.25,0.0,1.71,3.85,0.25,0.19,0.44,0.565,0.435,0.46,1.1,1.56,1.25,0.85,0.296,0.704,0.903,0.611,2022-23,Regular%20Season
1628975,Jevon Carter,1610612749,MIL,27.0,81,22.4,2.17,1.05,1.12,1.57,0.0,0.11,0.28,0.25,0.25,0.49,0.5,0.5,0.0,0.07,0.07,0.07,0.01,0.0,1.0,1.0,0.167,2022-23,Regular%20Season
202710,Jimmy Butler,1610612748,MIA,33.0,64,33.4,3.22,1.58,1.64,3.19,0.08,0.78,1.88,0.33,0.3,0.63,0.525,0.475,0.23,0.41,0.64,0.53,0.3,0.366,0.634,0.872,0.487,2022-23,Regular%20Season
1629111,Jock Landale,1610612756,PHX,27.0,69,14.2,5.16,3.99,1.17,0.74,0.0,2.14,4.86,0.14,0.04,0.19,0.769,0.231,0.36,0.86,1.22,1.14,0.64,0.298,0.702,0.975,0.543,2022-23,Regular%20Season
203925,Joe Harris,1610612751,BKN,31.0,74,20.6,3.89,2.38,1.51,0.74,0.0,0.34,0.73,0.16,0.24,0.41,0.4,0.6,0.04,0.66,0.7,0.62,0.15,0.058,0.942,0.939,0.224,2022-23,Regular%20Season
204060,Joe Ingles,1610612749,MIL,35.0,46,22.7,2.33,0.91,1.41,1.74,0.0,0.11,0.26,0.13,0.13,0.26,0.5,0.5,0.04,0.3,0.35,0.35,0.2,0.125,0.875,1.0,0.563,2022-23,Regular%20Season
1630580,Joe Wieskamp,1610612761,TOR,23.0,9,5.5,1.11,0.44,0.67,0.11,0.0,0.11,0.22,0.0,0.0,0.0,0.0,0.0,0.0,0.11,0.11,0.11,0.0,0.0,1.0,1.0,0.0,2022-23,Regular%20Season
203954,Joel Embiid,1610612755,PHI,29.0,66,34.6,10.2,8.53,1.67,1.47,0.03,2.29,5.11,0.55,0.35,0.89,0.61,0.39,0.3,1.64,1.94,1.79,1.12,0.156,0.844,0.937,0.587,2022-23,Regular%20Season
1631219,John Butler Jr.,1610612757,POR,20.0,19,11.6,3.32,2.16,1.16,0.84,0.0,0.16,0.37,0.05,0.11,0.16,0.333,0.667,0.0,0.11,0.11,0.11,0.0,0.0,1.0,1.0,0.0,2022-23,Regular%20Season
1628381,John Collins,1610612737,ATL,25.0,71,30.0,8.82,5.24,3.58,0.85,0.2,1.52,3.44,0.25,0.23,0.48,0.529,0.471,0.1,0.69,0.79,0.76,0.39,0.125,0.875,0.982,0.509,2022-23,Regular%20Season
1629723,John Konchar,1610612763,MEM,27.0,72,20.7,3.69,1.9,1.79,1.99,0.1,0.22,0.56,0.18,0.22,0.4,0.448,0.552,0.01,0.29,0.31,0.28,0.07,0.045,0.955,0.952,0.238,2022-23,Regular%20Season
202322,John Wall,1610612746,LAC,32.0,34,22.2,1.88,1.29,0.59,1.65,0.06,0.12,0.24,0.18,0.12,0.29,0.6,0.4,0.0,0.06,0.06,0.06,0.03,0.0,1.0,1.0,0.5,2022-23,Regular%20Season
1631098,Johnny Davis,1610612764,WAS,21.0,28,15.1,1.64,0.86,0.79,0.46,0.0,0.11,0.29,0.11,0.11,0.21,0.5,0.5,0.0,0.11,0.11,0.11,0.04,0.0,1.0,1.0,0.333,2022-23,Regular%20Season
1630548,Johnny Juzang,1610612762,UTA,22.0,18,12.9,1.5,0.94,0.56,0.22,0.0,0.06,0.11,0.06,0.06,0.11,0.5,0.5,0.0,0.0,0.0,0.0,0.0,0.0,0.0,0.0,0.0,2022-23,Regular%20Season
202685,Jonas Valanciunas,1610612740,NOP,31.0,79,24.9,6.65,5.54,1.1,0.71,0.0,2.84,6.14,0.24,0.15,0.39,0.613,0.387,0.82,1.41,2.23,2.09,1.56,0.369,0.631,0.959,0.715,2022-23,Regular%20Season
1628371,Jonathan Isaac,1610612753,ORL,25.0,11,11.3,1.64,1.09,0.55,1.73,0.0,0.36,0.82,0.0,0.18,0.18,0.0,1.0,0.36,0.18,0.55,0.55,0.36,0.667,0.333,1.0,0.667,2022-23,Regular%20Season
1630228,Jonathan Kuminga,1610612744,GSW,20.0,67,20.8,4.76,2.7,2.06,1.3,0.03,0.81,2.04,0.25,0.13,0.39,0.654,0.346,0.01,0.31,0.33,0.31,0.19,0.045,0.955,1.0,0.619,2022-23,Regular%20Season
203903,Jordan Clarkson,1610612762,UTA,31.0,61,32.6,4.11,2.2,1.92,1.38,0.0,0.39,0.9,0.36,0.3,0.66,0.55,0.45,0.0,0.11,0.11,0.1,0.02,0.0,1.0,1.0,0.167,2022-23,Regular%20Season
1630692,Jordan Goodwin,1610612764,WAS,24.0,62,17.8,3.31,1.58,1.73,1.79,0.02,0.11,0.26,0.32,0.26,0.58,0.556,0.444,0.1,0.16,0.26,0.21,0.11,0.375,0.625,0.929,0.5,2022-23,Regular%20Season
1631160,Jordan Hall,1610612759,SAS,21.0,9,9.2,1.78,0.78,1.0,0.33,0.0,0.0,0.0,0.33,0.11,0.44,0.75,0.25,0.0,0.0,0.0,0.0,0.0,0.0,0.0,0.0,0.0,2022-23,Regular%20Season
1629162,Jordan McLaughlin,1610612750,MIN,27.0,43,15.8,2.0,1.19,0.81,1.63,0.0,0.26,0.6,0.12,0.3,0.42,0.278,0.722,0.0,0.14,0.14,0.14,0.0,0.0,1.0,1.0,0.0,2022-23,Regular%20Season
1629670,Jordan Nwora,1610612754,IND,24.0,62,19.2,2.98,1.45,1.53,0.77,0.0,0.1,0.19,0.23,0.21,0.44,0.519,0.481,0.0,0.15,0.15,0.13,0.03,0.0,1.0,0.889,0.222,2022-23,Regular%20Season
1629673,Jordan Poole,1610612744,GSW,24.0,82,30.0,3.56,1.29,2.27,1.67,0.04,0.35,0.88,0.34,0.26,0.6,0.571,0.429,0.01,0.12,0.13,0.12,0.04,0.091,0.909,1.0,0.3,2022-23,Regular%20Season
1630648,Jordan Schakel,1610612764,WAS,25.0,2,3.1,0.0,0.0,0.0,0.5,0.0,0.0,0.0,0.0,0.0,0.0,0.0,0.0,0.0,0.0,0.0,0.0,0.0,0.0,0.0,0.0,0.0,2022-23,Regular%20Season
1630631,Jose Alvarado,1610612740,NOP,25.0,61,21.5,2.16,0.92,1.25,2.18,0.11,0.26,0.57,0.2,0.41,0.61,0.324,0.676,0.02,0.49,0.51,0.44,0.11,0.032,0.968,0.871,0.226,2022-23,Regular%20Season
1630528,Josh Christopher,1610612745,HOU,21.0,64,12.3,1.39,0.7,0.69,1.13,0.02,0.03,0.08,0.19,0.13,0.31,0.6,0.4,0.02,0.02,0.03,0.03,0.02,0.5,0.5,1.0,0.5,2022-23,Regular%20Season
1630581,Josh Giddey,1610612760,OKC,20.0,76,31.1,4.55,2.07,2.49,1.38,0.01,0.2,0.5,0.25,0.21,0.46,0.543,0.457,0.05,0.38,0.43,0.41,0.2,0.121,0.879,0.969,0.469,2022-23,Regular%20Season
1630182,Josh Green,1610612742,DAL,22.0,60,25.7,2.82,1.63,1.18,1.23,0.03,0.25,0.6,0.23,0.38,0.62,0.378,0.622,0.0,0.3,0.3,0.27,0.1,0.0,1.0,0.889,0.333,2022-23,Regular%20Season
1628404,Josh Hart,1610612752,NYK,28.0,76,32.3,4.84,2.63,2.21,1.78,0.0,0.41,1.05,0.49,0.43,0.92,0.529,0.471,0.04,0.25,0.29,0.28,0.16,0.136,0.864,0.955,0.545,2022-23,Regular%20Season
1631169,Josh Minott,1610612750,MIN,20.0,15,6.4,1.87,1.13,0.73,0.8,0.0,0.0,0.0,0.07,0.07,0.13,0.5,0.5,0.0,0.0,0.0,0.0,0.0,0.0,0.0,0.0,0.0,2022-23,Regular%20Season
1629006,Josh Okogie,1610612756,PHX,24.0,72,18.8,2.9,1.64,1.26,1.85,0.07,0.28,0.65,0.17,0.22,0.39,0.429,0.571,0.06,0.26,0.32,0.31,0.15,0.174,0.826,0.957,0.478,2022-23,Regular%20Season
1626196,Josh Richardson,1610612740,NOP,29.0,65,23.5,2.31,1.29,1.02,1.98,0.02,0.31,0.69,0.22,0.18,0.4,0.538,0.462,0.02,0.23,0.25,0.23,0.06,0.063,0.938,1.0,0.267,2022-23,Regular%20Season
1630563,Joshua Primo,1610612759,SAS,20.0,4,23.3,3.5,2.5,1.0,0.5,0.0,0.0,0.0,0.5,0.25,0.75,0.667,0.333,0.0,0.0,0.0,0.0,0.0,0.0,0.0,0.0,0.0,2022-23,Regular%20Season
201950,Jrue Holiday,1610612749,MIL,33.0,67,32.6,4.88,2.37,2.51,2.48,0.01,0.07,0.18,0.42,0.37,0.79,0.528,0.472,0.09,0.27,0.36,0.34,0.13,0.25,0.75,1.0,0.391,2022-23,Regular%20Season
1629308,Juan Toscano-Anderson,1610612762,UTA,30.0,52,13.5,2.62,1.58,1.04,1.06,0.1,0.5,1.17,0.19,0.04,0.23,0.833,0.167,0.06,0.35,0.4,0.31,0.13,0.143,0.857,0.889,0.389,2022-23,Regular%20Season
1627823,Juancho Hernangomez,1610612761,TOR,27.0,42,14.6,2.5,1.52,0.98,0.81,0.0,0.24,0.52,0.21,0.12,0.33,0.643,0.357,0.02,0.12,0.14,0.14,0.07,0.167,0.833,1.0,0.5,2022-23,Regular%20Season
1630577,Julian Champagnie,1610612759,SAS,21.0,17,18.8,2.76,1.35,1.41,0.88,0.0,0.06,0.12,0.06,0.18,0.24,0.25,0.75,0.06,0.24,0.29,0.29,0.18,0.2,0.8,1.0,0.6,2022-23,Regular%20Season
203944,Julius Randle,1610612752,NYK,28.0,77,35.5,5.78,3.01,2.77,1.27,0.0,0.81,1.88,0.55,0.25,0.79,0.689,0.311,0.34,0.82,1.16,1.05,0.81,0.292,0.708,0.964,0.738,2022-23,Regular%20Season
1630551,Justin Champagnie,1610612738,BOS,21.0,5,6.9,0.2,0.0,0.2,0.4,0.0,0.0,0.0,0.4,0.4,0.8,0.5,0.5,0.0,0.0,0.0,0.0,0.0,0.0,0.0,0.0,0.0,2022-23,Regular%20Season
203200,Justin Holiday,1610612742,DAL,34.0,46,15.4,2.7,1.48,1.22,0.93,0.0,0.17,0.46,0.04,0.2,0.24,0.182,0.818,0.0,0.43,0.43,0.35,0.02,0.0,1.0,1.0,0.063,2022-23,Regular%20Season
1628382,Justin Jackson,1610612738,BOS,28.0,23,4.7,0.96,0.52,0.43,0.13,0.0,0.0,0.0,0.0,0.22,0.22,0.0,1.0,0.0,0.13,0.13,0.13,0.0,0.0,1.0,1.0,0.0,2022-23,Regular%20Season
1631303,Justin Minaya,1610612757,POR,24.0,4,22.2,2.5,2.0,0.5,2.0,0.0,0.0,0.0,0.0,0.25,0.25,0.0,1.0,0.0,0.25,0.25,0.25,0.0,0.0,1.0,1.0,0.0,2022-23,Regular%20Season
1626159,Justise Winslow,1610612757,POR,27.0,29,26.8,3.52,2.07,1.45,1.83,0.14,0.34,0.86,0.21,0.1,0.31,0.667,0.333,0.14,0.48,0.62,0.52,0.21,0.222,0.778,0.882,0.353,2022-23,Regular%20Season
203994,Jusuf Nurkic,1610612757,POR,28.0,52,26.8,8.92,7.73,1.19,1.96,0.02,4.38,10.9,0.33,0.25,0.58,0.567,0.433,0.54,1.4,1.94,1.83,1.27,0.277,0.723,0.96,0.667,2022-23,Regular%20Season
1629644,KZ Okpala,1610612758,SAC,24.0,35,7.1,1.89,1.46,0.43,0.29,0.0,0.09,0.2,0.0,0.03,0.03,0.0,1.0,0.0,0.06,0.06,0.06,0.03,0.0,1.0,1.0,0.5,2022-23,Regular%20Season
1630539,Kai Jones,1610612766,CHA,22.0,46,11.9,3.0,2.28,0.72,0.78,0.0,0.65,1.41,0.15,0.17,0.33,0.467,0.533,0.07,0.5,0.57,0.46,0.11,0.115,0.885,0.955,0.227,2022-23,Regular%20Season
1626157,Karl-Anthony Towns,1610612750,MIN,27.0,29,33.0,7.83,5.0,2.83,1.24,0.03,1.66,3.86,0.38,0.34,0.72,0.524,0.476,0.24,0.93,1.17,1.03,0.72,0.206,0.794,0.938,0.656,2022-23,Regular%20Season
202695,Kawhi Leonard,1610612746,LAC,31.0,52,33.6,5.65,3.19,2.46,2.83,0.02,0.42,0.94,0.46,0.23,0.69,0.667,0.333,0.0,0.67,0.67,0.52,0.13,0.0,1.0,0.9,0.233,2022-23,Regular%20Season
1631099,Keegan Murray,1610612758,SAC,22.0,80,29.8,5.43,3.3,2.13,1.28,0.13,0.36,0.93,0.26,0.2,0.46,0.568,0.432,0.03,0.41,0.44,0.4,0.14,0.057,0.943,0.97,0.333,2022-23,Regular%20Season
1628966,Keita Bates-Diop,1610612759,SAS,27.0,67,21.7,3.82,2.25,1.57,1.4,0.0,0.31,0.69,0.18,0.16,0.34,0.522,0.478,0.0,0.18,0.18,0.18,0.09,0.0,1.0,1.0,0.5,2022-23,Regular%20Season
1629640,Keldon Johnson,1610612759,SAS,23.0,63,32.8,4.37,2.21,2.16,1.59,0.0,0.3,0.7,0.4,0.14,0.54,0.735,0.265,0.05,0.3,0.35,0.24,0.16,0.136,0.864,0.882,0.588,2022-23,Regular%20Season
203482,Kelly Olynyk,1610612762,UTA,32.0,68,28.6,6.91,4.44,2.47,1.93,0.18,1.57,3.82,0.19,0.26,0.46,0.419,0.581,0.18,0.5,0.68,0.62,0.24,0.261,0.739,0.955,0.364,2022-23,Regular%20Season
1626162,Kelly Oubre Jr.,1610612766,CHA,27.0,48,32.2,4.02,2.23,1.79,3.21,0.0,0.29,0.73,0.35,0.33,0.69,0.515,0.485,0.0,0.08,0.08,0.06,0.04,0.0,1.0,1.0,0.667,2022-23,Regular%20Season
202689,Kemba Walker,1610612742,DAL,33.0,9,16.0,1.22,0.22,1.0,0.78,0.22,0.0,0.0,0.22,0.11,0.33,0.667,0.333,0.0,0.11,0.11,0.11,0.0,0.0,1.0,1.0,0.0,2022-23,Regular%20Season
1631112,Kendall Brown,1610612754,IND,20.0,6,6.7,1.5,0.67,0.83,1.33,0.0,0.0,0.0,0.17,0.0,0.17,1.0,0.0,0.0,0.17,0.17,0.17,0.0,0.0,1.0,1.0,0.0,2022-23,Regular%20Season
1629134,Kendrick Nunn,1610612764,WAS,27.0,70,13.8,1.96,0.74,1.21,0.8,0.01,0.1,0.21,0.09,0.13,0.21,0.4,0.6,0.0,0.04,0.04,0.04,0.03,0.0,1.0,1.0,0.667,2022-23,Regular%20Season
1631113,Kennedy Chandler,1610612763,MEM,20.0,36,7.8,0.69,0.33,0.36,0.69,0.0,0.03,0.06,0.06,0.03,0.08,0.667,0.333,0.0,0.03,0.03,0.03,0.0,0.0,1.0,1.0,0.0,2022-23,Regular%20Season
1631254,Kenneth Lofton Jr.,1610612763,MEM,20.0,24,7.3,1.5,1.0,0.5,0.38,0.0,0.46,1.04,0.13,0.04,0.17,0.75,0.25,0.17,0.21,0.38,0.33,0.25,0.444,0.556,0.889,0.667,2022-23,Regular%20Season
1629026,Kenrich Williams,1610612760,OKC,28.0,53,22.8,3.66,2.17,1.49,1.62,0.49,0.58,1.25,0.34,0.3,0.64,0.529,0.471,0.23,0.68,0.91,0.81,0.38,0.25,0.75,0.956,0.444,2022-23,Regular%20Season
203484,Kentavious Caldwell-Pope,1610612743,DEN,30.0,76,31.3,2.32,1.18,1.13,2.63,0.01,0.32,0.66,0.24,0.37,0.61,0.391,0.609,0.03,0.22,0.25,0.22,0.07,0.105,0.895,0.944,0.278,2022-23,Regular%20Season
1630231,Kenyon Martin Jr.,1610612745,HOU,22.0,82,28.0,3.93,1.93,2.0,0.8,0.01,0.79,1.82,0.28,0.2,0.48,0.59,0.41,0.01,0.17,0.18,0.16,0.07,0.067,0.933,1.0,0.462,2022-23,Regular%20Season
1631165,Keon Ellis,1610612758,SAC,23.0,16,4.4,0.38,0.06,0.31,0.31,0.0,0.0,0.0,0.19,0.13,0.31,0.6,0.4,0.0,0.0,0.0,0.0,0.0,0.0,0.0,0.0,0.0,2022-23,Regular%20Season
1630553,Keon Johnson,1610612757,POR,21.0,40,10.4,1.15,0.68,0.48,0.63,0.0,0.08,0.2,0.1,0.15,0.25,0.4,0.6,0.0,0.2,0.2,0.2,0.03,0.0,1.0,1.0,0.125,2022-23,Regular%20Season
1630556,Kessler Edwards,1610612758,SAC,22.0,36,10.7,2.56,1.47,1.08,0.44,0.03,0.14,0.31,0.08,0.06,0.14,0.6,0.4,0.14,0.25,0.39,0.39,0.17,0.357,0.643,1.0,0.429,2022-23,Regular%20Season
201142,Kevin Durant,1610612756,PHX,34.0,47,35.6,8.19,5.21,2.98,1.34,0.0,0.47,1.04,0.45,0.21,0.66,0.677,0.323,0.04,0.66,0.7,0.68,0.36,0.061,0.939,0.97,0.515,2022-23,Regular%20Season
1628989,Kevin Huerter,1610612758,SAC,24.0,75,29.4,4.93,2.79,2.15,2.13,0.0,0.29,0.68,0.27,0.23,0.49,0.541,0.459,0.0,0.19,0.19,0.17,0.09,0.0,1.0,1.0,0.538,2022-23,Regular%20Season
1628995,Kevin Knox II,1610612757,POR,23.0,63,15.1,2.65,1.41,1.24,0.57,0.0,0.19,0.49,0.21,0.19,0.4,0.52,0.48,0.05,0.27,0.32,0.29,0.22,0.15,0.85,0.9,0.7,2022-23,Regular%20Season
201567,Kevin Love,1610612748,MIA,34.0,62,20.0,2.97,1.63,1.34,0.66,0.53,1.03,2.34,0.16,0.18,0.34,0.476,0.524,0.24,0.79,1.03,1.02,0.76,0.234,0.766,0.984,0.734,2022-23,Regular%20Season
1629645,Kevin Porter Jr.,1610612745,HOU,23.0,59,34.3,4.95,1.8,3.15,2.44,0.05,0.05,0.1,0.41,0.36,0.76,0.533,0.467,0.05,0.14,0.19,0.19,0.14,0.273,0.727,1.0,0.727,2022-23,Regular%20Season
1630284,Kevon Harris,1610612753,ORL,25.0,34,13.4,2.12,1.21,0.91,1.24,0.0,0.15,0.29,0.12,0.21,0.32,0.364,0.636,0.12,0.21,0.32,0.26,0.18,0.364,0.636,1.0,0.667,2022-23,Regular%20Season
1626172,Kevon Looney,1610612744,GSW,27.0,82,23.9,9.43,7.04,2.39,1.12,0.0,3.66,9.44,0.13,0.18,0.32,0.423,0.577,0.83,1.15,1.98,1.83,1.33,0.42,0.58,0.968,0.703,2022-23,Regular%20Season
203920,Khem Birch,1610612759,SAS,30.0,20,8.1,2.95,2.05,0.9,0.3,0.05,0.7,1.6,0.0,0.0,0.0,0.0,0.0,0.05,0.45,0.5,0.35,0.1,0.1,0.9,1.0,0.286,2022-23,Regular%20Season
203114,Khris Middleton,1610612749,MIL,31.0,33,24.3,3.18,1.55,1.64,1.3,0.09,0.06,0.12,0.45,0.15,0.61,0.75,0.25,0.03,0.18,0.21,0.21,0.12,0.143,0.857,1.0,0.571,2022-23,Regular%20Season
1630165,Killian Hayes,1610612765,DET,21.0,76,28.3,4.61,2.64,1.96,2.82,0.11,0.12,0.28,0.21,0.42,0.63,0.333,0.667,0.0,0.29,0.29,0.28,0.08,0.0,1.0,1.0,0.286,2022-23,Regular%20Season
1630184,Kira Lewis Jr.,1610612740,NOP,22.0,25,9.4,1.36,0.56,0.8,0.68,0.0,0.08,0.16,0.0,0.08,0.08,0.0,1.0,0.0,0.04,0.04,0.04,0.0,0.0,1.0,1.0,0.0,2022-23,Regular%20Season
202691,Klay Thompson,1610612744,GSW,33.0,69,33.0,4.06,2.41,1.65,1.42,0.0,0.33,0.81,0.1,0.25,0.35,0.292,0.708,0.07,0.1,0.17,0.16,0.09,0.417,0.583,0.917,0.5,2022-23,Regular%20Season
1628424,Kobi Simmons,1610612766,CHA,25.0,5,5.6,1.6,0.8,0.8,0.2,0.0,0.0,0.0,0.0,0.0,0.0,0.0,0.0,0.0,0.0,0.0,0.0,0.0,0.0,0.0,0.0,0.0,2022-23,Regular%20Season
1627739,Kris Dunn,1610612762,UTA,29.0,22,25.8,4.23,1.59,2.64,2.77,0.0,0.32,0.82,0.23,0.27,0.5,0.455,0.545,0.0,0.18,0.18,0.14,0.09,0.0,1.0,0.75,0.5,2022-23,Regular%20Season
204001,Kristaps Porzingis,1610612764,WAS,27.0,65,32.6,11.28,8.57,2.71,1.29,0.0,2.83,6.11,0.23,0.23,0.46,0.5,0.5,0.15,0.92,1.08,1.02,0.58,0.143,0.857,0.957,0.551,2022-23,Regular%20Season
203937,Kyle Anderson,1610612750,MIN,29.0,69,28.4,4.96,2.87,2.09,2.42,0.01,0.59,1.39,0.2,0.28,0.48,0.424,0.576,0.1,0.38,0.48,0.42,0.23,0.212,0.788,0.935,0.516,2022-23,Regular%20Season
1628398,Kyle Kuzma,1610612764,WAS,27.0,64,35.0,5.16,3.22,1.94,1.03,0.08,0.42,0.91,0.27,0.3,0.56,0.472,0.528,0.06,0.31,0.38,0.33,0.23,0.167,0.833,0.955,0.682,2022-23,Regular%20Season
200768,Kyle Lowry,1610612748,MIA,37.0,55,31.2,3.29,1.56,1.73,1.87,0.24,0.6,1.36,0.13,0.42,0.55,0.233,0.767,0.05,0.47,0.53,0.44,0.15,0.103,0.897,0.889,0.296,2022-23,Regular%20Season
202681,Kyrie Irving,1610612742,DAL,31.0,60,37.3,4.57,2.77,1.8,2.08,0.08,0.48,1.15,0.52,0.48,1.0,0.517,0.483,0.05,0.2,0.25,0.23,0.12,0.2,0.8,1.0,0.5,2022-23,Regular%20Season
1630163,LaMelo Ball,1610612766,CHA,21.0,36,35.2,3.19,1.47,1.72,2.47,0.0,0.11,0.22,0.31,0.58,0.89,0.344,0.656,0.0,0.11,0.11,0.11,0.03,0.0,1.0,1.0,0.25,2022-23,Regular%20Season
1630205,Lamar Stevens,1610612739,CLE,25.0,62,18.1,4.35,2.31,2.05,0.87,0.0,0.39,0.9,0.21,0.19,0.4,0.52,0.48,0.02,0.37,0.39,0.35,0.24,0.042,0.958,0.957,0.652,2022-23,Regular%20Season
1629013,Landry Shamet,1610612756,PHX,26.0,40,20.2,3.4,1.73,1.68,1.48,0.03,0.1,0.25,0.05,0.15,0.2,0.25,0.75,0.0,0.18,0.18,0.13,0.03,0.0,1.0,0.833,0.167,2022-23,Regular%20Season
1626204,Larry Nance Jr.,1610612740,NOP,30.0,65,21.2,3.86,2.66,1.2,1.89,0.17,2.51,5.63,0.28,0.2,0.48,0.581,0.419,0.22,1.69,1.91,1.58,0.6,0.113,0.887,0.928,0.351,2022-23,Regular%20Season
1628374,Lauri Markkanen,1610612762,UTA,26.0,66,34.4,7.3,5.12,2.18,1.32,0.0,1.05,2.36,0.3,0.08,0.38,0.8,0.2,0.05,0.53,0.58,0.55,0.3,0.079,0.921,0.947,0.526,2022-23,Regular%20Season
2544,LeBron James,1610612747,LAL,38.0,55,35.5,4.05,2.31,1.75,1.76,0.15,0.73,1.58,0.25,0.35,0.6,0.424,0.576,0.13,0.44,0.56,0.55,0.35,0.226,0.774,1.0,0.633,2022-23,Regular%20Season
1630195,Leandro Bolmaro,1610612762,UTA,22.0,14,4.9,0.57,0.36,0.21,0.5,0.0,0.0,0.0,0.14,0.0,0.14,1.0,0.0,0.07,0.0,0.07,0.07,0.07,1.0,0.0,1.0,1.0,2022-23,Regular%20Season
1631311,Lester Quinones,1610612744,GSW,22.0,4,4.5,1.25,0.25,1.0,0.25,0.0,0.25,0.75,0.0,0.0,0.0,0.0,0.0,0.0,0.0,0.0,0.0,0.0,0.0,0.0,0.0,0.0,2022-23,Regular%20Season
1629623,Lindell Wigginton,1610612749,MIL,25.0,7,12.4,1.29,0.57,0.71,0.57,0.0,0.14,0.43,0.0,0.0,0.0,0.0,0.0,0.0,0.0,0.0,0.0,0.0,0.0,0.0,0.0,0.0,2022-23,Regular%20Season
1630322,Lindy Waters III,1610612760,OKC,25.0,41,12.9,3.34,1.76,1.59,0.61,0.02,0.34,0.71,0.1,0.17,0.27,0.364,0.636,0.0,0.17,0.17,0.15,0.1,0.0,1.0,0.857,0.571,2022-23,Regular%20Season
1629022,Lonnie Walker IV,1610612747,LAL,24.0,56,23.2,4.34,1.91,2.43,0.73,0.02,0.11,0.23,0.09,0.18,0.27,0.333,0.667,0.0,0.11,0.11,0.11,0.04,0.0,1.0,1.0,0.333,2022-23,Regular%20Season
1629663,Louis King,1610612755,PHI,24.0,1,28.8,2.0,2.0,0.0,1.0,0.0,1.0,2.0,1.0,0.0,1.0,1.0,0.0,0.0,0.0,0.0,0.0,0.0,0.0,0.0,0.0,0.0,2022-23,Regular%20Season
1629652,Luguentz Dort,1610612760,OKC,24.0,74,30.7,5.12,2.26,2.86,1.55,0.08,0.2,0.46,0.32,0.47,0.8,0.407,0.593,0.11,0.3,0.41,0.38,0.16,0.267,0.733,1.0,0.429,2022-23,Regular%20Season
1629029,Luka Doncic,1610612742,DAL,24.0,66,36.2,5.0,2.62,2.38,2.89,0.06,0.09,0.2,0.45,0.39,0.85,0.536,0.464,0.02,0.36,0.38,0.35,0.21,0.04,0.96,0.958,0.583,2022-23,Regular%20Season
1630568,Luka Garza,1610612750,MIN,24.0,28,8.7,2.71,2.36,0.36,0.18,0.04,1.29,2.93,0.14,0.0,0.14,1.0,0.0,0.25,0.54,0.79,0.75,0.39,0.318,0.682,1.0,0.524,2022-23,Regular%20Season
1629677,Luka Samanic,1610612762,UTA,23.0,7,23.0,4.0,2.71,1.29,1.57,0.0,0.71,1.43,0.0,0.0,0.0,0.0,0.0,0.0,0.29,0.29,0.29,0.14,0.0,1.0,1.0,0.5,2022-23,Regular%20Season
1628379,Luke Kennard,1610612763,MEM,26.0,59,22.3,3.32,1.86,1.46,0.88,0.02,0.39,0.88,0.15,0.25,0.41,0.375,0.625,0.02,0.34,0.36,0.29,0.08,0.048,0.952,0.895,0.263,2022-23,Regular%20Season
1628436,Luke Kornet,1610612738,BOS,27.0,69,11.7,5.3,4.32,0.99,0.26,0.0,1.62,4.06,0.12,0.06,0.17,0.667,0.333,0.26,0.78,1.04,0.97,0.48,0.25,0.75,0.944,0.465,2022-23,Regular%20Season
1630644,Mac McClung,1610612755,PHI,24.0,2,20.5,2.5,1.5,1.0,1.5,0.5,0.5,1.0,0.0,0.0,0.0,0.0,0.0,0.5,0.5,1.0,1.0,0.5,0.5,0.5,1.0,0.5,2022-23,Regular%20Season
1630201,Malachi Flynn,1610612761,TOR,25.0,53,13.0,1.77,0.91,0.87,0.81,0.0,0.04,0.09,0.11,0.17,0.28,0.4,0.6,0.0,0.11,0.11,0.11,0.02,0.0,1.0,1.0,0.167,2022-23,Regular%20Season
1631103,Malaki Branham,1610612759,SAS,20.0,66,23.5,2.91,1.48,1.42,0.76,0.0,0.11,0.24,0.15,0.23,0.38,0.4,0.6,0.02,0.03,0.05,0.05,0.02,0.333,0.667,1.0,0.333,2022-23,Regular%20Season
1627763,Malcolm Brogdon,1610612738,BOS,30.0,67,26.0,3.84,2.16,1.67,1.12,0.0,0.12,0.28,0.25,0.36,0.61,0.415,0.585,0.04,0.3,0.34,0.33,0.1,0.13,0.87,0.957,0.304,2022-23,Regular%20Season
1630792,Malcolm Hill,1610612741,CHI,27.0,5,1.8,0.4,0.0,0.4,0.0,0.0,0.0,0.0,0.0,0.0,0.0,0.0,0.0,0.0,0.0,0.0,0.0,0.0,0.0,0.0,0.0,0.0,2022-23,Regular%20Season
1627736,Malik Beasley,1610612747,LAL,26.0,81,25.8,2.58,1.23,1.35,1.21,0.01,0.37,0.88,0.14,0.23,0.37,0.367,0.633,0.01,0.28,0.3,0.27,0.1,0.042,0.958,0.917,0.333,2022-23,Regular%20Season
1628370,Malik Monk,1610612758,SAC,25.0,77,22.3,2.99,1.66,1.32,1.19,0.01,0.32,0.69,0.25,0.12,0.36,0.679,0.321,0.0,0.13,0.13,0.13,0.04,0.0,1.0,1.0,0.3,2022-23,Regular%20Season
1629603,Mamadi Diakite,1610612739,CLE,26.0,22,8.0,3.05,1.95,1.09,0.68,0.05,1.05,2.27,0.0,0.09,0.09,0.0,1.0,0.0,0.18,0.18,0.18,0.09,0.0,1.0,1.0,0.5,2022-23,Regular%20Season
1630699,MarJon Beauchamp,1610612749,MIL,22.0,52,13.5,1.98,1.12,0.87,0.6,0.0,0.1,0.21,0.17,0.08,0.25,0.692,0.308,0.0,0.15,0.15,0.15,0.06,0.0,1.0,1.0,0.375,2022-23,Regular%20Season
202694,Marcus Morris Sr.,1610612746,LAC,33.0,65,28.1,3.12,1.92,1.2,1.11,0.0,0.45,1.05,0.11,0.34,0.45,0.241,0.759,0.09,0.54,0.63,0.57,0.31,0.146,0.854,0.949,0.513,2022-23,Regular%20Season
203935,Marcus Smart,1610612738,BOS,29.0,61,32.1,4.15,1.9,2.25,2.57,0.18,0.8,1.85,0.31,0.44,0.75,0.413,0.587,0.03,0.98,1.02,0.9,0.18,0.032,0.968,0.965,0.193,2022-23,Regular%20Season
1631109,Mark Williams,1610612766,CHA,21.0,43,19.3,6.72,4.79,1.93,1.16,0.0,2.74,6.07,0.16,0.35,0.51,0.318,0.682,0.21,0.98,1.19,1.12,0.72,0.176,0.824,0.96,0.62,2022-23,Regular%20Season
1628365,Markelle Fultz,1610612753,ORL,25.0,60,29.6,3.98,2.05,1.93,2.27,0.0,0.43,0.95,0.37,0.5,0.87,0.423,0.577,0.0,0.17,0.17,0.17,0.07,0.0,1.0,1.0,0.4,2022-23,Regular%20Season
202693,Markieff Morris,1610612742,DAL,33.0,35,10.1,2.17,1.34,0.83,0.37,0.03,0.66,1.49,0.0,0.09,0.09,0.0,1.0,0.14,0.71,0.86,0.83,0.43,0.167,0.833,0.967,0.5,2022-23,Regular%20Season
1630250,Marko Simonovic,1610612741,CHI,23.0,7,2.8,0.43,0.43,0.0,0.0,0.0,0.29,0.71,0.0,0.0,0.0,0.0,0.0,0.0,0.14,0.14,0.14,0.14,0.0,1.0,1.0,1.0,2022-23,Regular%20Season
1628963,Marvin Bagley III,1610612765,DET,24.0,42,23.6,7.05,4.64,2.4,0.93,0.05,2.19,5.17,0.33,0.12,0.45,0.737,0.263,0.21,0.67,0.88,0.81,0.45,0.243,0.757,0.944,0.528,2022-23,Regular%20Season
203486,Mason Plumlee,1610612746,LAC,33.0,79,26.0,5.97,4.62,1.35,1.49,0.01,3.71,8.28,0.42,0.18,0.59,0.702,0.298,0.53,0.99,1.52,1.34,0.96,0.35,0.65,0.955,0.685,2022-23,Regular%20Season
1629680,Matisse Thybulle,1610612757,POR,26.0,71,16.9,1.89,0.93,0.96,2.14,0.03,0.25,0.62,0.08,0.18,0.27,0.316,0.684,0.03,0.1,0.13,0.13,0.06,0.222,0.778,1.0,0.444,2022-23,Regular%20Season
1630346,Matt Ryan,1610612750,MIN,26.0,34,9.1,1.91,0.74,1.18,0.35,0.0,0.0,0.0,0.03,0.09,0.12,0.25,0.75,0.0,0.12,0.12,0.12,0.06,0.0,1.0,1.0,0.5,2022-23,Regular%20Season
203521,Matthew Dellavedova,1610612758,SAC,32.0,32,6.7,0.53,0.16,0.38,0.34,0.09,0.13,0.31,0.03,0.0,0.03,1.0,0.0,0.0,0.03,0.03,0.03,0.0,0.0,1.0,1.0,0.0,2022-23,Regular%20Season
1631108,Max Christie,1610612747,LAL,20.0,41,12.5,3.1,1.68,1.41,0.44,0.0,0.02,0.05,0.05,0.05,0.1,0.5,0.5,0.0,0.05,0.05,0.05,0.05,0.0,1.0,1.0,1.0,2022-23,Regular%20Season
1629622,Max Strus,1610612748,MIA,27.0,80,28.4,4.79,1.96,2.83,1.1,0.11,0.43,0.93,0.13,0.23,0.35,0.357,0.643,0.03,0.44,0.46,0.43,0.11,0.054,0.946,0.944,0.25,2022-23,Regular%20Season
1628467,Maxi Kleber,1610612742,DAL,31.0,37,25.1,9.46,6.89,2.57,1.16,0.03,1.86,4.57,0.14,0.16,0.3,0.455,0.545,0.22,1.3,1.51,1.27,0.46,0.143,0.857,0.94,0.34,2022-23,Regular%20Season
1630593,McKinley Wright IV,1610612742,DAL,24.0,27,12.4,1.93,1.22,0.7,0.48,0.04,0.11,0.26,0.22,0.15,0.37,0.6,0.4,0.0,0.15,0.15,0.15,0.07,0.0,1.0,1.0,0.5,2022-23,Regular%20Season
203086,Meyers Leonard,1610612749,MIL,31.0,9,12.6,5.11,4.33,0.78,0.22,0.0,1.44,3.56,0.11,0.11,0.22,0.5,0.5,0.22,0.67,0.89,0.78,0.56,0.25,0.75,0.875,0.625,2022-23,Regular%20Season
1629662,Mfiondu Kabengele,1610612738,BOS,25.0,4,9.1,3.0,2.5,0.5,0.5,0.0,1.0,2.5,0.25,0.25,0.5,0.5,0.5,0.5,0.0,0.5,0.5,0.5,1.0,0.0,1.0,1.0,2022-23,Regular%20Season
1630695,Micah Potter,1610612762,UTA,25.0,7,7.5,2.0,1.0,1.0,0.29,0.29,0.43,0.86,0.14,0.0,0.14,1.0,0.0,0.14,0.14,0.29,0.29,0.14,0.5,0.5,1.0,0.5,2022-23,Regular%20Season
203487,Michael Carter-Williams,1610612753,ORL,31.0,4,11.1,1.25,0.5,0.75,0.75,0.0,0.0,0.0,0.0,0.25,0.25,0.0,1.0,0.0,0.0,0.0,0.0,0.0,0.0,0.0,0.0,0.0,2022-23,Regular%20Season
1630701,Michael Foster Jr.,1610612755,PHI,20.0,1,1.0,0.0,0.0,0.0,0.0,0.0,0.0,0.0,0.0,0.0,0.0,0.0,0.0,0.0,0.0,0.0,0.0,0.0,0.0,0.0,0.0,0.0,2022-23,Regular%20Season
1629008,Michael Porter Jr.,1610612743,DEN,24.0,62,29.0,3.65,2.19,1.45,1.29,0.0,0.23,0.53,0.19,0.26,0.45,0.429,0.571,0.11,0.1,0.21,0.19,0.15,0.538,0.462,0.923,0.692,2022-23,Regular%20Season
1628969,Mikal Bridges,1610612751,BKN,26.0,83,35.7,5.33,3.17,2.16,1.99,0.0,0.25,0.57,0.34,0.3,0.64,0.528,0.472,0.0,0.22,0.22,0.2,0.06,0.0,1.0,0.944,0.278,2022-23,Regular%20Season
201144,Mike Conley,1610612750,MIN,35.0,67,30.3,3.16,1.91,1.25,1.76,0.06,0.39,0.96,0.28,0.28,0.57,0.5,0.5,0.0,0.1,0.1,0.1,0.04,0.0,1.0,1.0,0.429,2022-23,Regular%20Season
203488,Mike Muscala,1610612738,BOS,31.0,63,15.0,4.97,3.48,1.49,0.51,0.0,0.87,1.92,0.17,0.1,0.27,0.647,0.353,0.13,0.87,1.0,0.9,0.49,0.127,0.873,0.966,0.525,2022-23,Regular%20Season
1630540,Miles McBride,1610612752,NYK,22.0,64,11.9,2.33,1.25,1.08,0.89,0.03,0.09,0.23,0.16,0.11,0.27,0.588,0.412,0.0,0.14,0.14,0.14,0.02,0.0,1.0,1.0,0.111,2022-23,Regular%20Season
1629011,Mitchell Robinson,1610612752,NYK,25.0,59,26.9,8.83,6.78,2.05,1.8,0.0,2.59,5.73,0.36,0.22,0.58,0.618,0.382,1.29,1.83,3.12,2.85,1.97,0.413,0.587,0.939,0.648,2022-23,Regular%20Season
1628964,Mo Bamba,1610612747,LAL,25.0,49,15.7,5.12,3.31,1.82,0.49,0.0,2.02,4.49,0.22,0.1,0.33,0.688,0.313,0.2,0.69,0.9,0.84,0.57,0.227,0.773,0.976,0.667,2022-23,Regular%20Season
1628420,Monte Morris,1610612764,WAS,27.0,62,27.4,2.58,1.08,1.5,1.31,0.08,0.24,0.55,0.26,0.29,0.55,0.471,0.529,0.0,0.32,0.32,0.31,0.03,0.0,1.0,0.95,0.1,2022-23,Regular%20Season
1626149,Montrezl Harrell,1610612755,PHI,29.0,57,11.9,3.95,2.96,0.98,0.6,0.21,1.46,3.35,0.12,0.05,0.18,0.7,0.3,0.16,0.77,0.93,0.89,0.46,0.17,0.83,0.962,0.491,2022-23,Regular%20Season
1629021,Moritz Wagner,1610612753,ORL,26.0,57,19.5,4.16,2.74,1.42,1.25,0.3,2.56,5.54,0.16,0.23,0.39,0.409,0.591,0.33,0.86,1.19,1.02,0.65,0.279,0.721,0.967,0.617,2022-23,Regular%20Season
1629650,Moses Brown,1610612751,BKN,23.0,36,8.2,3.53,2.97,0.56,0.33,0.0,1.03,2.25,0.06,0.03,0.08,0.667,0.333,0.42,0.28,0.69,0.64,0.53,0.6,0.4,0.92,0.76,2022-23,Regular%20Season
1630541,Moses Moody,1610612744,GSW,21.0,63,13.0,2.52,1.49,1.03,0.52,0.05,0.17,0.48,0.14,0.11,0.25,0.563,0.438,0.03,0.21,0.24,0.22,0.13,0.133,0.867,1.0,0.571,2022-23,Regular%20Season
1631217,Moussa Diabate,1610612746,LAC,21.0,22,8.9,3.23,2.36,0.86,0.32,0.0,1.05,2.18,0.23,0.18,0.41,0.556,0.444,0.32,0.14,0.45,0.41,0.27,0.7,0.3,0.9,0.6,2022-23,Regular%20Season
1626167,Myles Turner,1610612754,IND,27.0,62,29.4,10.76,9.03,1.73,1.29,0.0,3.48,7.87,0.27,0.15,0.42,0.654,0.346,0.31,1.21,1.52,1.42,0.73,0.202,0.798,0.989,0.506,2022-23,Regular%20Season
1630230,Naji Marshall,1610612740,NOP,25.0,77,23.3,3.26,1.7,1.56,1.43,0.01,0.19,0.43,0.14,0.14,0.29,0.5,0.5,0.04,0.38,0.42,0.42,0.1,0.094,0.906,1.0,0.25,2022-23,Regular%20Season
1629642,Nassir Little,1610612757,POR,23.0,54,18.1,3.52,1.94,1.57,0.52,0.02,0.13,0.31,0.13,0.19,0.31,0.412,0.588,0.04,0.35,0.39,0.33,0.15,0.095,0.905,0.947,0.421,2022-23,Regular%20Season
1630233,Nathan Knight,1610612750,MIN,25.0,38,7.7,2.42,1.63,0.79,0.53,0.0,0.32,0.84,0.08,0.05,0.13,0.6,0.4,0.16,0.21,0.37,0.29,0.13,0.429,0.571,0.846,0.385,2022-23,Regular%20Season
1629675,Naz Reid,1610612750,MIN,23.0,68,18.4,5.88,4.22,1.66,1.31,0.07,1.71,4.0,0.16,0.16,0.32,0.5,0.5,0.09,0.75,0.84,0.78,0.43,0.105,0.895,0.981,0.537,2022-23,Regular%20Season
1629674,Neemias Queta,1610612758,SAC,23.0,5,5.7,1.4,1.0,0.4,0.6,0.0,0.4,0.8,0.2,0.0,0.2,1.0,0.0,0.0,0.2,0.2,0.2,0.0,0.0,1.0,1.0,0.0,2022-23,Regular%20Season
203457,Nerlens Noel,1610612751,BKN,29.0,17,11.5,2.76,2.12,0.65,1.82,0.24,2.24,5.06,0.12,0.29,0.41,0.286,0.714,0.06,0.24,0.29,0.24,0.06,0.2,0.8,1.0,0.25,2022-23,Regular%20Season
1629651,Nic Claxton,1610612751,BKN,24.0,76,29.9,12.08,9.2,2.88,2.28,0.0,3.63,8.32,0.24,0.24,0.47,0.5,0.5,0.2,1.24,1.43,1.16,0.67,0.138,0.862,0.936,0.543,2022-23,Regular%20Season
1630208,Nick Richards,1610612766,CHA,25.0,65,18.7,6.4,5.32,1.08,0.57,0.03,2.91,6.4,0.11,0.06,0.17,0.636,0.364,0.49,0.85,1.34,1.22,0.94,0.368,0.632,0.952,0.735,2022-23,Regular%20Season
1629638,Nickeil Alexander-Walker,1610612750,MIN,24.0,59,15.0,2.03,1.37,0.66,1.31,0.05,0.2,0.49,0.12,0.17,0.29,0.412,0.588,0.0,0.17,0.17,0.14,0.03,0.0,1.0,0.889,0.222,2022-23,Regular%20Season
201587,Nicolas Batum,1610612746,LAC,34.0,78,21.9,4.77,2.79,1.97,1.54,0.03,0.72,1.69,0.12,0.22,0.33,0.346,0.654,0.04,0.38,0.42,0.38,0.18,0.091,0.909,0.938,0.438,2022-23,Regular%20Season
203999,Nikola Jokic,1610612743,DEN,28.0,69,33.7,8.49,6.48,2.01,3.14,0.06,4.06,9.32,0.43,0.29,0.72,0.6,0.4,0.41,1.42,1.83,1.77,1.29,0.222,0.778,1.0,0.73,2022-23,Regular%20Season
1631107,Nikola Jovic,1610612748,MIA,20.0,15,13.6,2.73,2.2,0.53,0.47,0.07,1.07,2.47,0.27,0.13,0.4,0.667,0.333,0.13,0.2,0.33,0.33,0.13,0.4,0.6,1.0,0.4,2022-23,Regular%20Season
202696,Nikola Vucevic,1610612741,CHI,32.0,82,33.5,8.2,5.96,2.23,2.0,0.01,4.18,9.01,0.26,0.24,0.5,0.512,0.488,0.27,1.63,1.9,1.73,1.22,0.141,0.859,0.979,0.69,2022-23,Regular%20Season
203943,Noah Vonleh,1610612738,BOS,27.0,23,7.5,2.26,1.74,0.52,0.22,0.0,1.13,2.74,0.13,0.04,0.17,0.75,0.25,0.13,0.04,0.17,0.17,0.17,0.75,0.25,1.0,1.0,2022-23,Regular%20Season
1626181,Norman Powell,1610612746,LAC,30.0,60,26.1,3.4,1.83,1.57,1.47,0.0,0.2,0.45,0.17,0.27,0.43,0.385,0.615,0.0,0.25,0.25,0.25,0.05,0.0,1.0,1.0,0.2,2022-23,Regular%20Season
1628384,O.G. Anunoby,1610612761,TOR,25.0,67,35.6,6.48,4.01,2.46,3.6,0.13,0.34,0.81,0.42,0.45,0.87,0.483,0.517,0.09,0.61,0.7,0.64,0.22,0.128,0.872,0.977,0.341,2022-23,Regular%20Season
1630167,Obi Toppin,1610612752,NYK,25.0,67,15.7,2.49,1.27,1.22,0.61,0.0,0.25,0.58,0.12,0.16,0.28,0.421,0.579,0.03,0.3,0.33,0.3,0.13,0.091,0.909,0.909,0.409,2022-23,Regular%20Season
1630534,Ochai Agbaji,1610612762,UTA,23.0,59,20.5,4.12,2.02,2.1,0.85,0.02,0.31,0.76,0.15,0.2,0.36,0.429,0.571,0.0,0.2,0.2,0.19,0.05,0.0,1.0,1.0,0.273,2022-23,Regular%20Season
1630846,Olivier Sarr,1610612760,OKC,24.0,9,12.6,4.56,3.78,0.78,0.22,0.0,2.0,4.22,0.22,0.0,0.22,1.0,0.0,0.11,0.89,1.0,0.67,0.33,0.111,0.889,0.75,0.375,2022-23,Regular%20Season
1630209,Omer Yurtseven,1610612748,MIA,25.0,9,9.2,2.44,2.0,0.44,0.44,0.0,1.0,2.33,0.22,0.0,0.22,1.0,0.0,0.11,0.11,0.22,0.22,0.11,0.5,0.5,1.0,0.5,2022-23,Regular%20Season
1630168,Onyeka Okongwu,1610612737,ATL,22.0,80,23.1,8.11,6.49,1.63,1.24,0.01,4.04,8.89,0.29,0.2,0.49,0.59,0.41,0.6,1.16,1.76,1.34,0.85,0.34,0.66,0.93,0.591,2022-23,Regular%20Season
1631115,Orlando Robinson,1610612748,MIA,22.0,31,13.7,3.68,2.84,0.84,0.74,0.0,1.87,4.32,0.1,0.06,0.16,0.6,0.4,0.16,0.68,0.84,0.74,0.35,0.192,0.808,0.885,0.423,2022-23,Regular%20Season
1629052,Oshae Brissett,1610612754,IND,24.0,65,16.7,2.03,1.17,0.86,1.0,0.06,0.28,0.65,0.2,0.26,0.46,0.433,0.567,0.09,0.34,0.43,0.37,0.2,0.214,0.786,0.96,0.52,2022-23,Regular%20Season
203490,Otto Porter Jr.,1610612761,TOR,30.0,8,18.3,1.63,0.75,0.88,1.88,0.13,0.25,0.63,0.25,0.0,0.25,1.0,0.0,0.0,0.13,0.13,0.13,0.0,0.0,1.0,1.0,0.0,2022-23,Regular%20Season
1631172,Ousmane Dieng,1610612760,OKC,20.0,39,14.6,3.36,1.87,1.49,0.44,0.0,0.36,0.92,0.08,0.05,0.13,0.6,0.4,0.03,0.28,0.31,0.26,0.15,0.083,0.917,0.909,0.545,2022-23,Regular%20Season
200782,P.J. Tucker,1610612755,PHI,38.0,75,25.6,4.27,2.24,2.03,1.19,0.07,0.95,2.36,0.24,0.25,0.49,0.486,0.514,0.24,0.84,1.08,1.04,0.52,0.222,0.778,0.963,0.481,2022-23,Regular%20Season
1629023,P.J. Washington,1610612766,CHA,24.0,73,32.6,7.14,4.05,3.08,1.88,0.0,0.93,2.18,0.32,0.26,0.58,0.548,0.452,0.04,0.52,0.56,0.47,0.19,0.073,0.927,1.0,0.412,2022-23,Regular%20Season
1628408,PJ Dozier,1610612758,SAC,26.0,16,5.0,0.69,0.38,0.31,0.38,0.06,0.06,0.13,0.0,0.06,0.06,0.0,1.0,0.0,0.06,0.06,0.06,0.0,0.0,1.0,1.0,0.0,2022-23,Regular%20Season
1631094,Paolo Banchero,1610612753,ORL,20.0,72,33.7,6.57,3.36,3.21,1.25,0.08,0.78,1.68,0.21,0.26,0.47,0.441,0.559,0.07,0.58,0.65,0.56,0.28,0.106,0.894,0.93,0.465,2022-23,Regular%20Season
1627783,Pascal Siakam,1610612761,TOR,29.0,71,37.4,6.39,3.52,2.87,2.15,0.03,0.85,2.0,0.42,0.37,0.79,0.536,0.464,0.15,1.01,1.17,1.06,0.61,0.133,0.867,0.987,0.566,2022-23,Regular%20Season
1626192,Pat Connaughton,1610612749,MIL,30.0,61,23.7,4.16,1.97,2.2,0.87,0.02,0.34,0.74,0.21,0.16,0.38,0.565,0.435,0.02,0.31,0.33,0.31,0.08,0.05,0.95,0.95,0.25,2022-23,Regular%20Season
1631116,Patrick Baldwin Jr.,1610612744,GSW,20.0,31,7.3,1.29,0.94,0.35,0.16,0.0,0.1,0.23,0.03,0.0,0.03,1.0,0.0,0.0,0.19,0.19,0.19,0.1,0.0,1.0,1.0,0.5,2022-23,Regular%20Season
201976,Patrick Beverley,1610612741,CHI,34.0,67,27.1,3.4,1.7,1.7,1.93,0.31,0.34,0.79,0.28,0.21,0.49,0.576,0.424,0.01,0.13,0.15,0.15,0.03,0.1,0.9,1.0,0.2,2022-23,Regular%20Season
1630172,Patrick Williams,1610612741,CHI,21.0,82,28.3,5.49,3.02,2.46,1.87,0.02,0.85,1.94,0.17,0.23,0.4,0.424,0.576,0.07,0.7,0.77,0.71,0.21,0.095,0.905,0.983,0.288,2022-23,Regular%20Season
201988,Patty Mills,1610612751,BKN,34.0,40,14.2,1.2,0.48,0.73,0.63,0.03,0.13,0.25,0.13,0.15,0.28,0.455,0.545,0.0,0.1,0.1,0.1,0.0,0.0,1.0,1.0,0.0,2022-23,Regular%20Season
202331,Paul George,1610612746,LAC,33.0,56,34.6,5.71,3.05,2.66,3.55,0.05,0.43,0.96,0.38,0.59,0.96,0.389,0.611,0.02,0.57,0.59,0.55,0.18,0.03,0.97,1.0,0.323,2022-23,Regular%20Season
1630194,Paul Reed,1610612755,PHI,24.0,69,10.9,4.35,3.23,1.12,1.13,0.01,1.23,2.96,0.22,0.19,0.41,0.536,0.464,0.07,0.48,0.55,0.49,0.26,0.132,0.868,0.971,0.514,2022-23,Regular%20Season
1630202,Payton Pritchard,1610612738,BOS,25.0,48,13.4,1.94,1.4,0.54,0.65,0.0,0.17,0.38,0.27,0.15,0.42,0.65,0.35,0.0,0.19,0.19,0.17,0.04,0.0,1.0,0.889,0.222,2022-23,Regular%20Season
1631212,Peyton Watson,1610612743,DEN,20.0,23,8.1,1.96,1.43,0.52,0.3,0.0,0.0,0.0,0.09,0.04,0.13,0.667,0.333,0.0,0.17,0.17,0.17,0.09,0.0,1.0,1.0,0.5,2022-23,Regular%20Season
1630173,Precious Achiuwa,1610612761,TOR,23.0,55,20.7,6.13,4.11,2.02,1.07,0.02,1.38,3.16,0.29,0.25,0.55,0.533,0.467,0.2,0.51,0.71,0.71,0.47,0.282,0.718,1.0,0.667,2022-23,Regular%20Season
1629656,Quentin Grimes,1610612752,NYK,23.0,71,29.9,5.04,2.65,2.39,1.35,0.01,0.17,0.38,0.24,0.3,0.54,0.447,0.553,0.01,0.17,0.18,0.15,0.08,0.077,0.923,1.0,0.545,2022-23,Regular%20Season
1631245,Quenton Jackson,1610612764,WAS,24.0,9,15.0,0.89,0.33,0.56,0.78,0.0,0.0,0.0,0.0,0.22,0.22,0.0,1.0,0.0,0.0,0.0,0.0,0.0,0.0,0.0,0.0,0.0,2022-23,Regular%20Season
1630181,R.J. Hampton,1610612765,DET,22.0,47,15.9,2.02,0.98,1.04,1.17,0.0,0.06,0.15,0.15,0.17,0.32,0.467,0.533,0.0,0.15,0.15,0.13,0.04,0.0,1.0,0.857,0.286,2022-23,Regular%20Season
1629628,RJ Barrett,1610612752,NYK,23.0,73,33.9,5.32,2.84,2.48,0.77,0.0,0.19,0.47,0.32,0.33,0.64,0.489,0.511,0.01,0.33,0.34,0.32,0.12,0.04,0.96,0.92,0.36,2022-23,Regular%20Season
1630564,RaiQuan Gray,1610612751,BKN,23.0,1,35.1,9.0,7.0,2.0,1.0,0.0,5.0,12.0,0.0,0.0,0.0,0.0,0.0,1.0,0.0,1.0,1.0,1.0,1.0,0.0,1.0,1.0,2022-23,Regular%20Season
203526,Raul Neto,1610612739,CLE,31.0,48,10.5,1.88,0.98,0.9,0.96,0.02,0.0,0.0,0.19,0.21,0.4,0.474,0.526,0.0,0.04,0.04,0.04,0.02,0.0,1.0,1.0,0.5,2022-23,Regular%20Season
203493,Reggie Bullock,1610612742,DAL,32.0,78,30.3,2.94,1.65,1.28,1.27,0.0,0.65,1.53,0.18,0.22,0.4,0.452,0.548,0.0,0.41,0.41,0.38,0.18,0.0,1.0,0.968,0.452,2022-23,Regular%20Season
202704,Reggie Jackson,1610612743,DEN,33.0,68,24.4,4.1,1.78,2.32,1.03,0.04,0.38,0.9,0.22,0.26,0.49,0.455,0.545,0.0,0.32,0.32,0.29,0.03,0.0,1.0,0.952,0.095,2022-23,Regular%20Season
1626158,Richaun Holmes,1610612758,SAC,29.0,42,8.3,2.07,1.57,0.5,0.43,0.0,0.95,2.26,0.14,0.0,0.14,1.0,0.0,0.07,0.36,0.43,0.43,0.17,0.167,0.833,1.0,0.389,2022-23,Regular%20Season
201937,Ricky Rubio,1610612739,CLE,32.0,33,17.2,2.03,0.91,1.12,1.79,0.12,0.39,1.03,0.09,0.12,0.21,0.429,0.571,0.0,0.06,0.06,0.06,0.06,0.0,1.0,1.0,1.0,2022-23,Regular%20Season
203496,Robert Covington,1610612746,LAC,32.0,48,16.2,3.44,1.71,1.73,2.38,0.0,0.56,1.31,0.13,0.19,0.31,0.4,0.6,0.04,0.38,0.42,0.4,0.25,0.1,0.9,1.0,0.632,2022-23,Regular%20Season
1629057,Robert Williams III,1610612738,BOS,25.0,35,23.5,7.31,4.26,3.06,0.91,0.0,2.74,6.54,0.49,0.37,0.86,0.567,0.433,0.69,1.0,1.69,1.57,1.14,0.407,0.593,1.0,0.727,2022-23,Regular%20Season
201577,Robin Lopez,1610612739,CLE,35.0,37,8.1,3.43,3.0,0.43,0.08,0.03,1.81,4.43,0.16,0.08,0.24,0.667,0.333,0.24,0.49,0.73,0.62,0.22,0.333,0.667,0.92,0.32,2022-23,Regular%20Season
203585,Rodney McGruder,1610612765,DET,31.0,32,16.4,1.94,1.16,0.78,1.09,0.03,0.19,0.47,0.09,0.19,0.28,0.333,0.667,0.03,0.22,0.25,0.19,0.09,0.125,0.875,0.857,0.429,2022-23,Regular%20Season
1629641,Romeo Langford,1610612759,SAS,23.0,43,19.6,2.67,1.77,0.91,1.09,0.07,0.23,0.51,0.23,0.21,0.44,0.526,0.474,0.0,0.14,0.14,0.14,0.0,0.0,1.0,1.0,0.0,2022-23,Regular%20Season
1631199,Ron Harper Jr.,1610612761,TOR,23.0,9,5.3,0.56,0.22,0.33,0.11,0.0,0.11,0.22,0.0,0.0,0.0,0.0,0.0,0.0,0.0,0.0,0.0,0.0,0.0,0.0,0.0,0.0,2022-23,Regular%20Season
1626220,Royce O'Neale,1610612751,BKN,30.0,76,31.7,4.74,2.54,2.2,1.61,0.01,0.8,1.83,0.24,0.25,0.49,0.486,0.514,0.0,0.89,0.89,0.8,0.29,0.0,1.0,0.953,0.344,2022-23,Regular%20Season
200752,Rudy Gay,1610612762,UTA,36.0,56,14.6,2.36,1.43,0.93,0.66,0.04,0.45,1.07,0.18,0.14,0.32,0.556,0.444,0.04,0.29,0.32,0.32,0.16,0.111,0.889,1.0,0.5,2022-23,Regular%20Season
203497,Rudy Gobert,1610612750,MIN,30.0,70,30.7,10.11,8.31,1.8,1.44,0.01,4.93,11.46,0.14,0.17,0.31,0.455,0.545,0.51,1.43,1.94,1.8,1.2,0.265,0.735,0.969,0.646,2022-23,Regular%20Season
1629060,Rui Hachimura,1610612747,LAL,25.0,63,23.3,4.35,2.38,1.97,0.87,0.03,0.35,0.81,0.22,0.14,0.37,0.609,0.391,0.13,0.44,0.57,0.52,0.37,0.222,0.778,0.943,0.657,2022-23,Regular%20Season
201566,Russell Westbrook,1610612746,LAC,34.0,73,29.1,3.55,1.77,1.78,1.78,0.07,0.25,0.56,0.37,0.32,0.68,0.54,0.46,0.08,0.21,0.29,0.27,0.16,0.286,0.714,0.952,0.571,2022-23,Regular%20Season
1627853,Ryan Arcidiacono,1610612757,POR,29.0,20,8.6,0.7,0.1,0.6,0.2,0.2,0.25,0.65,0.0,0.0,0.0,0.0,0.0,0.0,0.25,0.25,0.25,0.05,0.0,1.0,1.0,0.2,2022-23,Regular%20Season
1631157,Ryan Rollins,1610612744,GSW,20.0,12,5.2,0.67,0.42,0.25,0.42,0.0,0.08,0.17,0.0,0.0,0.0,0.0,0.0,0.0,0.0,0.0,0.0,0.0,0.0,0.0,0.0,0.0,2022-23,Regular%20Season
1630240,Saben Lee,1610612756,PHX,23.0,25,14.9,1.68,0.76,0.92,1.2,0.04,0.04,0.08,0.12,0.12,0.24,0.5,0.5,0.0,0.0,0.0,0.0,0.0,0.0,0.0,0.0,0.0,2022-23,Regular%20Season
1630180,Saddiq Bey,1610612737,ATL,24.0,77,27.6,3.26,1.88,1.38,1.48,0.0,0.27,0.61,0.34,0.42,0.75,0.448,0.552,0.03,0.49,0.52,0.44,0.25,0.05,0.95,1.0,0.559,2022-23,Regular%20Season
1630573,Sam Hauser,1610612738,BOS,25.0,80,16.1,3.06,2.25,0.81,0.78,0.01,0.38,0.88,0.18,0.18,0.35,0.5,0.5,0.0,0.36,0.36,0.34,0.05,0.0,1.0,0.964,0.143,2022-23,Regular%20Season
1630241,Sam Merrill,1610612739,CLE,27.0,5,11.7,1.2,0.2,1.0,0.0,0.0,0.2,0.4,0.0,0.4,0.4,0.0,1.0,0.0,0.0,0.0,0.0,0.0,0.0,0.0,0.0,0.0,2022-23,Regular%20Season
1630572,Sandro Mamukelashvili,1610612759,SAS,24.0,43,15.3,3.91,2.51,1.4,0.63,0.02,1.28,2.79,0.19,0.23,0.42,0.444,0.556,0.12,0.53,0.65,0.6,0.3,0.179,0.821,1.0,0.5,2022-23,Regular%20Season
1630583,Santi Aldama,1610612763,MEM,22.0,77,21.8,6.52,4.25,2.27,0.91,0.04,0.62,1.47,0.14,0.08,0.22,0.647,0.353,0.1,0.64,0.74,0.68,0.32,0.14,0.86,0.963,0.463,2022-23,Regular%20Season
1630567,Scottie Barnes,1610612761,TOR,21.0,77,34.8,6.91,4.19,2.71,1.9,0.01,1.08,2.49,0.39,0.31,0.7,0.556,0.444,0.17,0.81,0.97,0.94,0.48,0.173,0.827,1.0,0.514,2022-23,Regular%20Season
1630590,Scotty Pippen Jr.,1610612747,LAL,22.0,6,5.3,0.33,0.17,0.17,0.5,0.0,0.0,0.0,0.17,0.17,0.33,0.5,0.5,0.0,0.0,0.0,0.0,0.0,0.0,0.0,0.0,0.0,2022-23,Regular%20Season
201586,Serge Ibaka,1610612749,MIL,33.0,16,11.6,4.88,3.94,0.94,0.13,0.0,0.81,1.94,0.0,0.06,0.06,0.0,1.0,0.25,0.63,0.88,0.88,0.56,0.286,0.714,1.0,0.643,2022-23,Regular%20Season
203552,Seth Curry,1610612751,BKN,32.0,61,19.8,1.95,0.85,1.1,1.18,0.0,0.26,0.59,0.21,0.15,0.36,0.591,0.409,0.02,0.1,0.11,0.1,0.03,0.143,0.857,0.857,0.286,2022-23,Regular%20Season
1631101,Shaedon Sharpe,1610612757,POR,20.0,80,22.2,3.3,1.28,2.03,0.85,0.04,0.1,0.25,0.13,0.13,0.25,0.5,0.5,0.0,0.25,0.25,0.24,0.08,0.0,1.0,0.95,0.3,2022-23,Regular%20Season
1628983,Shai Gilgeous-Alexander,1610612760,OKC,24.0,68,35.5,6.9,3.6,3.29,3.59,0.0,0.37,0.87,0.47,0.57,1.04,0.451,0.549,0.01,0.22,0.24,0.24,0.06,0.063,0.938,1.0,0.25,2022-23,Regular%20Season
1629003,Shake Milton,1610612755,PHI,26.0,76,20.6,2.26,1.07,1.2,0.89,0.01,0.16,0.39,0.25,0.18,0.43,0.576,0.424,0.01,0.18,0.2,0.2,0.11,0.067,0.933,1.0,0.533,2022-23,Regular%20Season
1627885,Shaquille Harrison,1610612747,LAL,29.0,5,24.0,2.8,1.8,1.0,3.2,0.0,0.0,0.0,0.0,0.8,0.8,0.0,1.0,0.0,0.4,0.4,0.4,0.4,0.0,1.0,1.0,1.0,2022-23,Regular%20Season
1631323,Simone Fontecchio,1610612762,UTA,27.0,52,14.7,2.0,1.27,0.73,0.81,0.0,0.29,0.65,0.21,0.12,0.33,0.647,0.353,0.02,0.27,0.29,0.29,0.1,0.067,0.933,1.0,0.333,2022-23,Regular%20Season
1630219,Skylar Mays,1610612757,POR,25.0,6,31.5,3.83,1.5,2.33,1.33,0.0,0.17,0.33,0.5,0.33,0.83,0.6,0.4,0.0,0.67,0.67,0.67,0.33,0.0,1.0,1.0,0.5,2022-23,Regular%20Season
203915,Spencer Dinwiddie,1610612751,BKN,30.0,79,34.5,4.25,2.23,2.03,1.13,0.05,0.37,0.89,0.19,0.19,0.38,0.5,0.5,0.0,0.34,0.34,0.34,0.13,0.0,1.0,1.0,0.37,2022-23,Regular%20Season
1626169,Stanley Johnson,1610612759,SAS,27.0,30,15.7,2.6,1.47,1.13,0.73,0.0,0.73,1.77,0.1,0.1,0.2,0.5,0.5,0.03,0.27,0.3,0.23,0.13,0.111,0.889,0.875,0.5,2022-23,Regular%20Season
1630649,Stanley Umude,1610612765,DET,24.0,1,2.1,1.0,1.0,0.0,1.0,0.0,0.0,0.0,0.0,0.0,0.0,0.0,0.0,0.0,0.0,0.0,0.0,0.0,0.0,0.0,0.0,0.0,2022-23,Regular%20Season
201939,Stephen Curry,1610612744,GSW,35.0,56,34.7,4.71,2.25,2.46,1.77,0.16,0.89,2.23,0.46,0.41,0.88,0.531,0.469,0.02,0.11,0.13,0.11,0.07,0.143,0.857,1.0,0.667,2022-23,Regular%20Season
1628425,Sterling Brown,1610612747,LAL,28.0,4,6.1,0.25,0.0,0.25,0.75,0.0,0.0,0.0,0.0,0.0,0.0,0.0,0.0,0.25,0.0,0.25,0.25,0.25,1.0,0.0,1.0,1.0,2022-23,Regular%20Season
203500,Steven Adams,1610612763,MEM,29.0,42,27.0,8.81,7.12,1.69,1.62,0.02,5.64,12.62,0.6,0.19,0.79,0.758,0.242,1.29,1.1,2.38,2.14,1.6,0.54,0.46,0.968,0.72,2022-23,Regular%20Season
1629004,Svi Mykhailiuk,1610612766,CHA,26.0,32,14.6,2.34,1.25,1.09,0.81,0.0,0.03,0.06,0.16,0.31,0.47,0.333,0.667,0.0,0.13,0.13,0.13,0.06,0.0,1.0,1.0,0.5,2022-23,Regular%20Season
204456,T.J. McConnell,1610612754,IND,31.0,75,20.4,2.03,0.89,1.13,2.24,0.12,0.04,0.09,0.32,0.48,0.8,0.4,0.6,0.01,0.07,0.08,0.08,0.05,0.167,0.833,1.0,0.667,2022-23,Regular%20Season
203933,T.J. Warren,1610612756,PHX,29.0,42,16.4,1.64,0.69,0.95,0.95,0.0,0.19,0.45,0.17,0.17,0.33,0.5,0.5,0.0,0.6,0.6,0.5,0.24,0.0,1.0,0.913,0.435,2022-23,Regular%20Season
201959,Taj Gibson,1610612764,WAS,37.0,49,9.8,2.0,1.59,0.41,0.57,0.06,1.69,3.84,0.1,0.12,0.22,0.455,0.545,0.06,0.57,0.63,0.41,0.14,0.097,0.903,0.952,0.333,2022-23,Regular%20Season
1629659,Talen Horton-Tucker,1610612762,UTA,22.0,65,20.2,2.38,1.29,1.09,1.29,0.05,0.23,0.54,0.23,0.22,0.45,0.517,0.483,0.0,0.25,0.25,0.23,0.11,0.0,1.0,1.0,0.467,2022-23,Regular%20Season
1631106,Tari Eason,1610612745,HOU,22.0,82,21.6,4.37,2.33,2.04,1.96,0.0,0.24,0.57,0.44,0.44,0.88,0.5,0.5,0.16,0.38,0.54,0.48,0.38,0.295,0.705,0.951,0.756,2022-23,Regular%20Season
1627752,Taurean Prince,1610612750,MIN,29.0,54,22.1,2.81,1.54,1.28,1.41,0.19,0.13,0.31,0.15,0.22,0.37,0.4,0.6,0.07,0.28,0.35,0.3,0.2,0.211,0.789,0.889,0.611,2022-23,Regular%20Season
1629611,Terance Mann,1610612746,LAC,26.0,81,23.1,2.9,1.95,0.95,1.27,0.01,0.44,1.0,0.26,0.11,0.37,0.7,0.3,0.05,0.19,0.23,0.22,0.06,0.211,0.789,0.947,0.263,2022-23,Regular%20Season
1629056,Terence Davis,1610612758,SAC,26.0,64,13.1,1.98,1.02,0.97,1.34,0.02,0.03,0.06,0.13,0.2,0.33,0.381,0.619,0.0,0.03,0.03,0.03,0.0,0.0,1.0,1.0,0.0,2022-23,Regular%20Season
203082,Terrence Ross,1610612756,PHX,32.0,63,21.1,2.87,1.14,1.73,1.05,0.02,0.16,0.35,0.08,0.17,0.25,0.313,0.688,0.0,0.21,0.21,0.19,0.03,0.0,1.0,0.923,0.154,2022-23,Regular%20Season
1626179,Terry Rozier,1610612766,CHA,29.0,63,35.3,3.4,1.46,1.94,1.68,0.03,0.22,0.51,0.41,0.38,0.79,0.52,0.48,0.0,0.06,0.06,0.05,0.02,0.0,1.0,0.75,0.25,2022-23,Regular%20Season
1630678,Terry Taylor,1610612741,CHI,23.0,31,8.5,1.58,0.71,0.87,0.13,0.03,0.26,0.58,0.16,0.03,0.19,0.833,0.167,0.32,0.26,0.58,0.52,0.29,0.556,0.444,0.941,0.529,2022-23,Regular%20Season
201152,Thaddeus Young,1610612761,TOR,34.0,54,14.7,3.3,1.94,1.35,1.96,0.11,1.26,2.83,0.26,0.2,0.46,0.56,0.44,0.13,0.33,0.46,0.41,0.24,0.28,0.72,0.917,0.542,2022-23,Regular%20Season
203648,Thanasis Antetokounmpo,1610612749,MIL,30.0,37,5.6,1.41,0.92,0.49,0.32,0.0,0.3,0.68,0.11,0.05,0.16,0.667,0.333,0.03,0.03,0.05,0.05,0.03,0.5,0.5,1.0,0.5,2022-23,Regular%20Season
1630177,Theo Maledon,1610612766,CHA,22.0,44,19.4,3.25,1.75,1.5,1.5,0.02,0.18,0.39,0.11,0.27,0.39,0.294,0.706,0.0,0.11,0.11,0.09,0.02,0.0,1.0,0.8,0.2,2022-23,Regular%20Season
1629033,Theo Pinson,1610612742,DAL,27.0,40,8.1,0.95,0.5,0.45,0.6,0.0,0.23,0.53,0.08,0.03,0.1,0.75,0.25,0.0,0.15,0.15,0.15,0.08,0.0,1.0,1.0,0.5,2022-23,Regular%20Season
1628418,Thomas Bryant,1610612743,DEN,25.0,59,18.3,6.07,5.17,0.9,0.54,0.0,1.98,4.34,0.15,0.15,0.31,0.5,0.5,0.17,0.95,1.12,1.12,0.71,0.152,0.848,1.0,0.636,2022-23,Regular%20Season
203501,Tim Hardaway Jr.,1610612742,DAL,31.0,71,30.3,3.93,2.23,1.7,0.97,0.3,0.48,1.18,0.17,0.17,0.34,0.5,0.5,0.0,0.31,0.31,0.3,0.07,0.0,1.0,1.0,0.238,2022-23,Regular%20Season
202699,Tobias Harris,1610612755,PHI,30.0,74,32.9,3.69,2.11,1.58,1.38,0.0,0.23,0.54,0.28,0.32,0.61,0.467,0.533,0.18,0.62,0.8,0.66,0.39,0.22,0.78,0.891,0.527,2022-23,Regular%20Season
1628396,Tony Bradley,1610612741,CHI,25.0,12,2.8,1.25,1.0,0.25,0.08,0.0,0.33,0.67,0.0,0.0,0.0,0.0,0.0,0.08,0.25,0.33,0.33,0.25,0.25,0.75,1.0,0.75,2022-23,Regular%20Season
1628470,Torrey Craig,1610612756,PHX,32.0,79,24.7,5.35,3.09,2.27,1.34,0.04,0.53,1.27,0.28,0.27,0.54,0.512,0.488,0.11,0.3,0.42,0.34,0.16,0.273,0.727,0.9,0.433,2022-23,Regular%20Season
1629027,Trae Young,1610612737,ATL,24.0,73,34.8,1.64,0.53,1.11,1.75,0.07,0.07,0.15,0.32,0.3,0.62,0.511,0.489,0.0,0.1,0.1,0.1,0.01,0.0,1.0,1.0,0.143,2022-23,Regular%20Season
1630200,Tre Jones,1610612759,SAS,23.0,68,29.2,3.93,2.21,1.72,2.59,0.15,0.25,0.56,0.28,0.43,0.71,0.396,0.604,0.03,0.12,0.15,0.15,0.06,0.2,0.8,1.0,0.4,2022-23,Regular%20Season
1630544,Tre Mann,1610612760,OKC,22.0,67,17.7,2.54,1.16,1.37,1.22,0.07,0.28,0.61,0.13,0.18,0.31,0.429,0.571,0.0,0.1,0.1,0.09,0.0,0.0,1.0,1.0,0.0,2022-23,Regular%20Season
1630570,Trendon Watford,1610612757,POR,22.0,62,19.1,4.21,2.4,1.81,1.08,0.11,1.31,3.03,0.11,0.11,0.23,0.5,0.5,0.05,0.71,0.76,0.71,0.24,0.064,0.936,0.936,0.319,2022-23,Regular%20Season
1630235,Trent Forrest,1610612737,ATL,25.0,23,12.0,2.13,1.17,0.96,0.74,0.04,0.0,0.0,0.13,0.13,0.26,0.5,0.5,0.0,0.0,0.0,0.0,0.0,0.0,0.0,0.0,0.0,2022-23,Regular%20Season
1630243,Trevelin Queen,1610612754,IND,26.0,7,10.0,1.71,1.0,0.71,1.0,0.0,0.0,0.0,0.14,0.0,0.14,1.0,0.0,0.0,0.14,0.14,0.14,0.14,0.0,1.0,1.0,1.0,2022-23,Regular%20Season
1631309,Trevor Hudgins,1610612745,HOU,24.0,5,5.7,0.4,0.2,0.2,0.2,0.0,0.0,0.0,0.2,0.0,0.2,1.0,0.0,0.0,0.0,0.0,0.0,0.0,0.0,0.0,0.0,0.0,2022-23,Regular%20Season
1631211,Trevor Keels,1610612752,NYK,19.0,3,2.7,0.0,0.0,0.0,0.0,0.0,0.0,0.0,0.0,0.0,0.0,0.0,0.0,0.0,0.0,0.0,0.0,0.0,0.0,0.0,0.0,0.0,2022-23,Regular%20Season
1626168,Trey Lyles,1610612758,SAC,27.0,74,16.9,3.72,2.14,1.58,0.8,0.14,0.31,0.69,0.11,0.15,0.26,0.421,0.579,0.11,0.65,0.76,0.72,0.26,0.143,0.857,0.964,0.345,2022-23,Regular%20Season
1630530,Trey Murphy III,1610612740,NOP,23.0,79,31.0,5.23,3.05,2.18,1.78,0.0,0.29,0.66,0.16,0.18,0.34,0.481,0.519,0.01,0.39,0.41,0.38,0.15,0.031,0.969,0.968,0.387,2022-23,Regular%20Season
1628972,Troy Brown Jr.,1610612747,LAL,23.0,76,24.5,4.74,2.53,2.21,1.28,0.01,0.18,0.42,0.22,0.16,0.38,0.586,0.414,0.05,0.28,0.33,0.33,0.16,0.16,0.84,1.0,0.48,2022-23,Regular%20Season
1629660,Ty Jerome,1610612744,GSW,25.0,45,18.1,2.36,1.31,1.04,0.98,0.04,0.24,0.64,0.07,0.11,0.18,0.375,0.625,0.0,0.04,0.04,0.04,0.02,0.0,1.0,1.0,0.5,2022-23,Regular%20Season
1631102,TyTy Washington Jr.,1610612745,HOU,21.0,31,14.0,1.52,0.52,1.0,0.52,0.1,0.0,0.0,0.16,0.06,0.23,0.714,0.286,0.0,0.0,0.0,0.0,0.0,0.0,0.0,0.0,0.0,2022-23,Regular%20Season
1628416,Tyler Dorsey,1610612742,DAL,27.0,3,2.8,0.33,0.33,0.0,0.0,0.0,0.0,0.0,0.0,0.0,0.0,0.0,0.0,0.0,0.0,0.0,0.0,0.0,0.0,0.0,0.0,0.0,2022-23,Regular%20Season
1629639,Tyler Herro,1610612748,MIA,23.0,67,34.9,4.58,2.25,2.33,1.34,0.0,0.27,0.57,0.19,0.3,0.49,0.394,0.606,0.0,0.18,0.18,0.16,0.09,0.0,1.0,1.0,0.545,2022-23,Regular%20Season
1630169,Tyrese Haliburton,1610612754,IND,23.0,56,33.6,3.63,1.39,2.23,2.61,0.02,0.07,0.2,0.32,0.43,0.75,0.429,0.571,0.0,0.11,0.11,0.09,0.02,0.0,1.0,1.0,0.2,2022-23,Regular%20Season
1631213,Tyrese Martin,1610612737,ATL,24.0,16,4.1,0.63,0.19,0.44,0.06,0.0,0.0,0.0,0.06,0.0,0.06,1.0,0.0,0.0,0.06,0.06,0.06,0.06,0.0,1.0,1.0,1.0,2022-23,Regular%20Season
1630178,Tyrese Maxey,1610612755,PHI,22.0,60,33.6,3.45,1.45,2.0,1.08,0.02,0.17,0.37,0.18,0.35,0.53,0.344,0.656,0.0,0.53,0.53,0.47,0.12,0.0,1.0,0.875,0.219,2022-23,Regular%20Season
1626145,Tyus Jones,1610612763,MEM,27.0,80,24.2,1.61,0.4,1.21,1.46,0.04,0.16,0.38,0.09,0.13,0.21,0.412,0.588,0.0,0.1,0.1,0.09,0.04,0.0,1.0,1.0,0.429,2022-23,Regular%20Season
1628962,Udoka Azubuike,1610612762,UTA,23.0,36,10.0,3.14,2.78,0.36,0.31,0.0,1.28,2.89,0.06,0.08,0.14,0.4,0.6,0.14,0.33,0.47,0.47,0.31,0.294,0.706,1.0,0.647,2022-23,Regular%20Season
2617,Udonis Haslem,1610612748,MIA,43.0,7,10.3,2.43,2.0,0.43,0.29,0.57,0.86,2.29,0.14,0.0,0.14,1.0,0.0,0.14,0.14,0.29,0.29,0.14,0.5,0.5,1.0,0.5,2022-23,Regular%20Season
1630586,Usman Garuba,1610612745,HOU,21.0,75,12.9,4.01,2.48,1.53,0.93,0.04,1.27,2.96,0.2,0.12,0.32,0.625,0.375,0.32,0.28,0.6,0.57,0.44,0.533,0.467,1.0,0.767,2022-23,Regular%20Season
1630176,Vernon Carey Jr.,1610612762,UTA,22.0,11,2.6,0.91,0.55,0.36,0.18,0.0,0.18,0.36,0.09,0.09,0.18,0.5,0.5,0.0,0.18,0.18,0.09,0.09,0.0,1.0,1.0,1.0,2022-23,Regular%20Season
203506,Victor Oladipo,1610612748,MIA,31.0,42,26.3,3.81,1.57,2.24,2.38,0.21,0.17,0.45,0.26,0.24,0.5,0.524,0.476,0.02,0.33,0.36,0.26,0.07,0.067,0.933,0.846,0.231,2022-23,Regular%20Season
1631246,Vince Williams Jr.,1610612763,MEM,22.0,15,7.0,0.93,0.4,0.53,0.6,0.07,0.2,0.53,0.13,0.0,0.13,1.0,0.0,0.0,0.07,0.07,0.07,0.0,0.0,1.0,1.0,0.0,2022-23,Regular%20Season
1630249,Vit Krejci,1610612737,ATL,23.0,29,5.7,1.31,0.83,0.48,0.34,0.0,0.07,0.21,0.07,0.03,0.1,0.667,0.333,0.0,0.14,0.14,0.14,0.0,0.0,1.0,1.0,0.0,2022-23,Regular%20Season
1628427,Vlatko Cancar,1610612743,DEN,26.0,60,14.8,2.8,1.73,1.07,0.65,0.05,0.27,0.6,0.12,0.02,0.13,0.875,0.125,0.05,0.17,0.22,0.2,0.05,0.231,0.769,0.923,0.231,2022-23,Regular%20Season
1631117,Walker Kessler,1610612762,UTA,21.0,74,23.0,10.82,9.27,1.55,0.8,0.0,2.74,6.59,0.28,0.12,0.41,0.7,0.3,0.54,1.36,1.91,1.77,1.08,0.284,0.716,0.978,0.597,2022-23,Regular%20Season
1628976,Wendell Carter Jr.,1610612753,ORL,24.0,57,29.6,7.7,5.33,2.37,1.09,0.0,3.79,8.25,0.3,0.23,0.53,0.567,0.433,0.46,1.09,1.54,1.37,0.86,0.295,0.705,0.94,0.59,2022-23,Regular%20Season
1631111,Wendell Moore Jr.,1610612750,MIN,21.0,29,5.3,0.48,0.28,0.21,0.45,0.03,0.1,0.21,0.03,0.03,0.07,0.5,0.5,0.0,0.03,0.03,0.03,0.0,0.0,1.0,1.0,0.0,2022-23,Regular%20Season
1629117,Wenyen Gabriel,1610612747,LAL,26.0,68,15.1,5.85,4.75,1.1,1.15,0.0,1.63,3.71,0.31,0.16,0.47,0.656,0.344,0.46,0.99,1.44,1.4,0.78,0.316,0.684,0.99,0.552,2022-23,Regular%20Season
202083,Wesley Matthews,1610612749,MIL,36.0,52,15.8,2.13,1.25,0.88,0.75,0.04,0.1,0.23,0.15,0.13,0.29,0.533,0.467,0.13,0.5,0.63,0.6,0.25,0.212,0.788,0.939,0.394,2022-23,Regular%20Season
203115,Will Barton,1610612761,TOR,32.0,56,17.7,1.84,0.86,0.98,1.09,0.0,0.04,0.09,0.16,0.2,0.36,0.45,0.55,0.0,0.05,0.05,0.05,0.04,0.0,1.0,1.0,0.667,2022-23,Regular%20Season
1626195,Willy Hernangomez,1610612740,NOP,29.0,38,12.0,2.87,2.11,0.76,0.95,0.03,1.71,4.0,0.11,0.16,0.26,0.4,0.6,0.24,0.55,0.79,0.79,0.53,0.3,0.7,1.0,0.667,2022-23,Regular%20Season
1641645,Xavier Cooks,1610612764,WAS,27.0,10,12.6,3.2,2.0,1.2,1.2,0.0,1.2,2.5,0.2,0.1,0.3,0.667,0.333,0.2,0.4,0.6,0.5,0.4,0.333,0.667,1.0,0.8,2022-23,Regular%20Season
1629875,Xavier Moon,1610612746,LAC,28.0,4,4.9,0.25,0.25,0.0,0.0,0.0,0.0,0.0,0.0,0.0,0.0,0.0,0.0,0.0,0.0,0.0,0.0,0.0,0.0,0.0,0.0,0.0,2022-23,Regular%20Season
1630270,Xavier Sneed,1610612766,CHA,25.0,4,12.1,2.5,1.0,1.5,0.75,0.25,0.0,0.0,0.0,0.25,0.25,0.0,1.0,0.0,0.5,0.5,0.25,0.0,0.0,1.0,0.5,0.0,2022-23,Regular%20Season
1630214,Xavier Tillman,1610612763,MEM,24.0,61,19.3,6.2,4.26,1.93,1.59,0.0,2.66,5.69,0.3,0.25,0.54,0.545,0.455,0.23,0.49,0.72,0.67,0.44,0.318,0.682,0.932,0.614,2022-23,Regular%20Season
1629139,Yuta Watanabe,1610612751,BKN,28.0,58,16.0,4.36,2.64,1.72,0.6,0.02,0.24,0.57,0.17,0.09,0.26,0.667,0.333,0.0,0.36,0.36,0.26,0.02,0.0,1.0,0.833,0.056,2022-23,Regular%20Season
1628380,Zach Collins,1610612759,SAS,25.0,63,22.9,10.14,8.67,1.48,0.94,0.06,3.29,7.16,0.19,0.19,0.38,0.5,0.5,0.27,1.29,1.56,1.41,0.78,0.173,0.827,0.967,0.533,2022-23,Regular%20Season
203897,Zach LaVine,1610612741,CHI,28.0,77,35.9,5.68,2.44,3.23,1.25,0.0,0.32,0.65,0.32,0.16,0.48,0.676,0.324,0.0,0.19,0.19,0.18,0.09,0.0,1.0,0.933,0.467,2022-23,Regular%20Season
1630192,Zeke Nnaji,1610612743,DEN,22.0,53,13.7,3.79,2.7,1.09,0.57,0.0,1.08,2.49,0.13,0.06,0.19,0.7,0.3,0.25,0.32,0.57,0.47,0.25,0.433,0.567,0.962,0.5,2022-23,Regular%20Season
1630533,Ziaire Williams,1610612763,MEM,21.0,37,15.2,3.35,1.51,1.84,0.81,0.0,0.19,0.49,0.03,0.08,0.11,0.25,0.75,0.0,0.16,0.16,0.16,0.08,0.0,1.0,1.0,0.5,2022-23,Regular%20Season
1629627,Zion Williamson,1610612740,NOP,22.0,29,33.0,4.76,2.14,2.62,2.07,0.0,0.93,2.1,0.48,0.34,0.83,0.583,0.417,0.17,0.66,0.83,0.79,0.72,0.208,0.792,0.958,0.875,2022-23,Regular%20Season
